Mixture,turquoise,blue,green,yellow,brown,P-value,Correlation,RMSE
12-25748-20R,0.532301291664947,0,0.0412113312797112,0.426487377055342,0,0,0.579850304965695,0.814395446345125
12-25793-20R,0.367268032732924,0,0,0.632731967267076,0,0,0.506498128636274,0.868086608236849
14-01-004-R1,0.615958732350016,0,0.054802403840699,0.329238863809285,0,0,0.577558804724203,0.81816666706517
14-01-008-R3,0.240496269341712,0,0.0401151136484318,0.719388617009856,0,0,0.507740114641513,0.870127475107024
15-01-011R2,0.673984563247353,0,0,0.326015436752647,0,0,0.691797313795126,0.720238255755865
15-01-013R,0.138901222313556,0,0.15128799672385,0.709810780962595,0,0,0.488153004913406,0.889210864131974
15-01-023-R3,0.521562324435925,0.0166508281800223,0.00266085233446273,0.45912599504959,0,0,0.638053966400187,0.769093070872704
15-01-025R,0.470970109776082,0,0,0.529029890223918,0,0,0.620813340141931,0.783743578963088
15-01-032R2,0.516490441584979,0,0.091039717596892,0.392469840818129,0,0,0.430997442075933,0.920977955196401
15-01-24R,0.213744841251775,0,0.0647940216997118,0.721461137048513,0,0,0.383179066861102,0.954596709596242
16-01-006R,0.29320539634056,0,0.0121470229189288,0.694647580740511,0,0,0.533255469465976,0.850989104449328
16-01-011R,0.350307760915368,0,0.0895248684710056,0.560167370613627,0,0,0.433023079491623,0.916150103318754
16-01-035-R1,0.644931172082059,0,0,0.355068827917941,0,0,0.668293157288388,0.742065711201505
16-01-036-R1,0.377503365958845,0,0.0260942891317963,0.596402344909359,0,0,0.595034057970005,0.804311039567976
16-01-037-R1,0.345690546065397,0,0.345672156247782,0.30863729768682,0,0,0.688164218202081,0.723592245361194
16-01-038R,0.761743036880464,0,0.0273581761425665,0.21089878697697,0,0,0.385907986144344,0.983434866778535
16-01-041R,0.702385338400213,0,0,0.297614661599787,0,0,0.742375477046529,0.669580917984877
16-01-043R,0.823157762683815,0.0521878366659896,0.000678629217855442,0.12397577143234,0,0,0.571361309232083,0.843192206541144
16-01-044R,0.286009563722378,0,0,0.713990436277622,0,0,0.428936760755521,0.922437589494329
16-01-051-R1,0.690219723785749,0.091053126185895,0,0.198355685312319,0.020371464716037,0,0.71327098945194,0.69905024329937
17-01-002R,0.391603795507982,0.544793180088351,0.0636030244036671,0,0,0,0.383841168118684,1.01029174485454
17-01-003R,0.768435261039291,0,0,0.231564738960709,0,0,0.786367111078255,0.617980236512873
17-01-004R,0.695962597717108,0,0.0875298529726826,0.21650754931021,0,0,0.776750594831732,0.632237435203511
17-01-006R,0.443782286895327,0,0.0171572303355072,0.539060482769166,0,0,0.365164814738763,0.96012706232198
17-01-015-R1,0.463876212088614,0,0,0.536123787911386,0,0,0.6318504162962,0.775298698306335
17-01-016-R1,0.285988725358512,0,0,0.714011274641488,0,0,0.593626248675971,0.807779079993845
17-01-020R,0.708294894139598,0,0.0297062997431566,0.261998806117246,0,0,0.314956320379828,1.0224851969435
17-01-022R,0.243485430564629,0,0.0320216986011483,0.724492870834222,0,0,0.502928603688887,0.873568846104425
17-01-024R,0.411824509655248,0.102009130503543,0.000976784942416705,0.469571222016551,0.0156183528822414,0,0.460527767712783,0.901870976450802
17-01-025R,0.696164254252327,0.033579410170457,0.0689027872244168,0.201353548352799,0,0,0.660650473340915,0.749834445108001
17-01-028R,0.778799758342401,0.136107489409304,0.0850927522482953,0,0,0,0.380768221411571,0.997818239229838
17-01-032R,0.448549005431208,0.0436065952416322,0.180127871303143,0.327716528024017,0,0,0.72657336566454,0.690595723817104
17-01-033R,0.550607774096032,0.0195487338935209,0.116192106046841,0.313651385963606,0,0,0.497317241413345,0.877760173520307
18-01-005R,0.39706208642386,0,0,0.60293791357614,0,0,0.711858106628192,0.712509313534641
18-01-007R,0.423076530727734,0.576923469272266,0,0,0,0,0.570722955699992,0.853998706896507
18-01-014R,0.65544900926451,0,0,0.34455099073549,0,0,0.59730914400696,0.803591962326297
18-01-015R,0.515820634950544,0,0.0183813472460925,0.465798017803363,0,0,0.482126818061081,0.885354765761602
18-01-017R,0.305907965723825,0.0442979576683971,0,0.649794076607778,0,0,0.623114834865834,0.78434155930513
18-01-018R,0.457627735736261,0.0921195134593791,0.172339832729687,0.277912918074673,0,0,0.575534039126008,0.81910158378533
18-01-020R,0.645495684228119,0.347051420690211,0.00745289508166981,0,0,0,0.733990653101204,0.677466795012175
18-01-021R,0.475541299413506,0.0933865426383902,0,0.431072157948104,0,0,0.535060978654072,0.849446876425088
18-01-026R,0.679493269117442,0.18564923668956,0.134857494192997,0,0,0,0.430278427194939,0.948350126189169
18-01-028R,0.847831925153091,0.0881810412218562,0.0639870336250532,0,0,0,0.306274059337595,1.06910604088958
18-01-029R,0.732292354221151,0.0472665702213096,0.0768223704894541,0.143618705068085,0,0,0.657531647160957,0.754613664098978
18-01-030R,0.486332634461004,0.0689545218772471,0.0339474463587991,0.41076539730295,0,0,0.350492197148626,0.975111347665295
18-01-035R,0.64441828221712,0,0,0.35558171778288,0,0,0.745059500782817,0.669758050851944
18-01-039R,0.235319589918782,0,0.00614663695830824,0.75853377312291,0,0,0.447599474748123,0.91273884492989
18-01-049R,0.712276627884501,0.0491536381292178,0.0556362423033689,0.182933491682913,0,0,0.347633968742872,1.00317396524021
18-01-050R,0.465573796080278,0.0921644692942853,0,0.442261734625437,0,0,0.70562129481448,0.711749793206093
DCC07R,0.533244994521629,0.446867309723857,0.0198876957545144,0,0,0,0.410914212838373,0.970406711693203
DCC12R,0.751710415096021,0.112229130515965,0.0186310142058835,0.11742944018213,0,0,0.786425847286424,0.618152082799466
DCC25R,0.365651656986249,0,0.0810460489544682,0.553302294059283,0,0,0.441738153706422,0.910251720030561
DCC28R,0.412177663201501,0.0780103038022242,0.0730421722525173,0.436769860743758,0,0,0.7483406347419,0.674256980334371
DCC29R,0.48448465168445,0.428403118188078,0,0.0871122301274719,0,0,0.606939535880064,0.804650668809696
DCC30R,0.680222703297494,0.312914963187652,0,0.00686233351485307,0,0,0.655071023240652,0.758293905666067
DCC42R,0.402490438750703,0.597509561249297,0,0,0,0,0.600104086089586,0.829222041525352
DCC45R,0.355011780600057,0,0.141300355415157,0.503687863984787,0,0,0.510892577483513,0.864150194342028
DCC51R,0.252043230490005,0,0.118142113951444,0.629814655558552,0,0,0.616213172291657,0.788789343911148
Meningiomas_TL-19-09ABAE_19-01-007,0.66420594197238,0.248285237127507,0.0875088209001131,0,0,0,0.508591660429181,0.885394697225304
Meningiomas_TL-19-81B6D9_19-01-016,0.864316937118017,0,0.0232038740299831,0.112479188852,0,0,0.616297894022497,0.807442815698411
Meningiomas_TL-19-8CDC07_19-01-038,0.823065412717435,0.051786053832294,0.125148533450271,0,0,0,0.383506256273737,1.00850167382924
Meningiomas_TL-19-AE1F68_19-01-005,0.843346002012564,0.156653997987436,0,0,0,0,0.644360603356552,0.777540420598483
Meningiomas_TL-19-CBED44_19-01-064,0.694727554894149,0.0762799198487809,0.22899252525707,0,0,0,0.546311441946348,0.861749913544195
Meningiomas_TL-20-2BA7A2_20-01-049,0.751879987843086,0.203871594769595,0.0442484173873193,0,0,0,0.387505500787703,0.987983704729301
Meningiomas_TL-20-36A961_20-01-033,0.365307438399849,0,0,0.634692561600151,0,0,0.642692766516918,0.768926356735701
Meningiomas_TL-20-479F28_19-01-018,0.633414127524492,0.0555760045140785,0.2173670081227,0.0936428598387293,0,0,0.602635610213439,0.804441366612503
Meningiomas_TL-20-49DB15_19-01-087,0.757505805945252,0.0565162979582383,0.185977896096509,0,0,0,0.509225834216588,0.898215461121009
Meningiomas_TL-20-4A5969_20-01-010,0.297161588699521,0,0.0281286731612562,0.674709738139223,0,0,0.464404943907827,0.897573052806699
Meningiomas_TL-20-550F5F_19-01-072,0.703166811578346,0,0.043599233058322,0.253233955363331,0,0,0.616032413780674,0.790090579449814
Meningiomas_TL-20-664423_19-01-083,0.729910568082418,0.0433363653086645,0.209452095777579,0.0173009708313385,0,0,0.542339701584188,0.867385552233193
Meningiomas_TL-20-6FBB8A_16-01-005,0.632109206650799,0.000924077458716875,0.2424293831394,0.124537332751084,0,0,0.54320110425347,0.856591410752936
Meningiomas_TL-20-759BA6_20-01-028,0.542246130027357,0,0.316233537275795,0.141520332696848,0,0,0.776803737594368,0.630724176087193
Meningiomas_TL-20-7600A2_19-01-080,0.76216965677548,0,0.0757640227123836,0.162066320512136,0,0,0.712468983456195,0.700546225005294
Meningiomas_TL-20-7E5975_19-01-078,0.621050008149476,0,0.0513761780357305,0.322312184254137,0.00526162956065654,0,0.419552437040794,0.93641338044546
Meningiomas_TL-20-847CFA_20-01-036,0.348887464939878,0.0557188160967798,0.0480805674915459,0.547313151471796,0,0,0.696594379992578,0.722696119544205
Meningiomas_TL-20-879184_20-01-002,0.496228944968073,0.0379810688262655,0.313595150730875,0.152194835474787,0,0,0.651135145264665,0.759532317589636
Meningiomas_TL-20-9A6CA1_16-01-026,0.578052925695122,0.00848616685554047,0.261064619559812,0.152396287889526,0,0,0.618396576790907,0.78904310228039
Meningiomas_TL-20-AA3A4B_20-01-040,0.741187206216128,0,0.0301253833827416,0.228687410401131,0,0,0.495282889228551,0.895343455842382
Meningiomas_TL-20-C2F0C7_20-01-004,0.589866650683765,0.136167605434362,0.273965743881873,0,0,0,0.671739820020885,0.74258990452227
Meningiomas_TL-20-C7C63B_19-01-023,0.784950603018508,0.141833231292246,0.0732161656892464,0,0,0,0.463136607271172,0.9338697321502
Meningiomas_TL-20-CC2CC7_17-01-038,0.645587379553258,0.118805121077864,0.235607499368878,0,0,0,0.678464024737021,0.736132031047759
Meningiomas_TL-20-CCC14C_20-01-014,0.669736700987832,0,0.0813266725025638,0.248936626509604,0,0,0.754577261373542,0.657634725734975
Meningiomas_TL-20-CE31C0_17-01-027,0.592338648206776,0,0.0924509430906619,0.315210408702562,0,0,0.547570457159155,0.841173362993542
Meningiomas_TL-20-DF4101_20-01-048,0.487041871046659,0.00630193104729414,0.232189680912777,0.27446651699327,0,0,0.796498793174389,0.617514873944137
Meningiomas_TL-20-EEA296_12-01-002,0.488994025422953,0,0.0203004825405397,0.490705492036507,0,0,0.581234219490219,0.813410473029567
Meningiomas_TL-20-F1F639_19-01-091,0.362869469321326,0.088379276906073,0.381908321417855,0.166842932354746,0,0,0.725578888479019,0.686507722321146
Meningiomas_TL-21-100474_21-01-031,0.602579763376249,0,0.0295357205265927,0.367884516097158,0,0,0.681141254611247,0.731048499658959
Meningiomas_TL-21-226625_17-01-041,0.444838654941621,0,0.064949877826465,0.490211467231914,0,0,0.687482194561137,0.730174427550193
Meningiomas_TL-21-6286BB_19-01-003,0.647415545876871,0,0.19735957489881,0.15522487922432,0,0,0.809623035810364,0.593948445319169
Meningiomas_TL-21-6E26FB_21-01-039,0.444993336503998,0,0.0287798359064234,0.526226827589578,0,0,0.723973723971484,0.700224109577195
Meningiomas_TL-21-7R7UZ9Z6_19-01-092,0.176794732184783,0.00174666786491549,0.392794433923352,0.42866416602695,0,0,0.71986680775151,0.693044780984969
Meningiomas_TL-21-82MTXHJG_21-01-097,0.531511941675505,0.0641926992257286,0.119053878350798,0.285241480747969,0,0,0.749972429648531,0.667372526465039
Meningiomas_TL-21-886C12_18-01-016,0.302652410986548,0,0.00595332294607483,0.691394266067377,0,0,0.470760572942385,0.893821483621295
Meningiomas_TL-21-AF953C_21-01-038,0.557425506036461,0.0510211517907857,0.156026474352133,0.235526867820619,0,0,0.590731765150584,0.807874491295572
Meningiomas_TL-21-D251AB_21-01-041,0.318880869695477,0,0,0.681119130304523,0,0,0.57260274809222,0.822451756354326
Meningiomas_TL-21-D5EEFE_21-01-021,0.73362452490462,0,0,0.26637547509538,0,0,0.76684137883601,0.642020785432342
Meningiomas_TL-21-J82KYWQQ_21-01-096,0.549041888852738,0.356955876408022,0.089549001538657,0.0044532332005834,0,0,0.722214838024227,0.689911217909489
Meningiomas_TL-21-PAAN77KF_21-01-080,0.436545405046636,0,0.0608259055961231,0.502628689357241,0,0,0.764825491556625,0.663873621634309
Meningiomas_TL-21-QGUU886F_21-01-044,0.598774225176689,0,0.0386028100207984,0.362622964802513,0,0,0.755432405787076,0.662157070825035
Meningiomas_TL-21-SEIANF5H_21-01-062,0.822508529063622,0.0484067623901331,0.129084708546245,0,0,0,0.593491106887379,0.828354018856723
Meningiomas_TL-21-UFNU4MZ5_19-01-027,0.412576063510009,0,0.0541662647364925,0.533257671753498,0,0,0.590407012726868,0.806768865108704
Meningiomas_TL-21-VZKP229D_21-01-085,0.625423299255567,0.365180158892818,0,0.00939654185161453,0,0,0.736499029199172,0.674662611093808
Meningiomas_TL-22-TRTURG9V_21-01-093,0.612037523647712,0.0141433305616506,0.183059104877616,0.190760040913022,0,0,0.623683335294778,0.782323794946479
TL-20-6FBB8A_T,0.4529483072757,0,0.172914945032537,0.374136747691763,0,0,0.522416312969649,0.857293798527961
TL-20-9297DE_T,0.748580558603079,0.154228133972957,0.0971913074239638,0,0,0,0.515524561855855,0.886262223426571
TL-20-D64814_T,0.695898746416386,0,0,0.304101253583614,0,0,0.399076469541519,0.960748541191934
TL-20-D64814_19-01-094,0.692264178847561,0,0,0.307735821152439,0,0,0.39638426540683,0.962090597554088
TL-20-F1620C_T,0.932374515120519,0.0676254848794809,0,0,0,0,0.686405040283814,0.744438312325754
TL-21-3KM5UYM2_T,0.299268778919289,0,0,0.700731221080711,0,0,0.561331161473342,0.831126750342802
TL-21-9U9XI8DU_T,0.412925004636318,0.0307328068945466,0.202340916904402,0.354001271564733,0,0,0.717010975389182,0.69955477454467
TL-21-ASV4EDRU_T,0.719173591450636,0.0576605280532143,0.22316588049615,0,0,0,0.809085240702528,0.58969089027031
TL-21-IS4U6B66_T,0.539138087085714,0.0368100666936995,0.0254033664772838,0.398648479743303,0,0,0.695586796214801,0.719719731723296
TL-21-QS6Z79AJ_T,0.662942141137807,0.134667392255042,0.20239046660715,0,0,0,0.666071493443911,0.747924874866553
TL-21-UWM25FQN_T,0.274413617303155,0,0.186194055686689,0.539392327010156,0,0,0.584674581819775,0.811794357863138
TL-21-WEI4GQFR_T,0.317592581115271,0,0.0373619855278708,0.645045433356858,0,0,0.563216930391181,0.828394269752883
TL-22-33UJH36N_T,0.611521301539229,0.338933247477877,0.0320158702332969,0.0175295807495974,0,0,0.687598953898866,0.725217057326206
TL-22-C5K6B3AB_T,0.327989364452091,0,0.10688419833924,0.565126437208669,0,0,0.585349014801253,0.81095648076547
TL-22-CB84BRZM_T,0.236702285451245,0.0227213563514129,0.14061308185399,0.599963276343351,0,0,0.5817907055257,0.815267274591117
TL-22-EGKEXF5K_T,0.426773118392732,0,0.055178191942332,0.518048689664936,0,0,0.581732146643659,0.813008363981109
TL-22-JP4TWDHG_T,0.675076698590512,0,0,0.324923301409488,0,0,0.744530668681817,0.668590293044826
TL-22-JS7ZS84K_T,0.40781447739374,0,0,0.592185522606259,0,0,0.643461219106246,0.767451623230564
TL-22-R7P3JYSC_T,0.796181609563116,0.0392621141258582,0.164556276311026,0,0,0,0.753068102189038,0.658723489732015
TL-22-Y6ZZUT9W_T,0.313361282463742,0,0,0.686638717536258,0,0,0.537577445895937,0.847700518173262
TL-22-ZY9TXMGW_T,0.425782012755948,0,0,0.574217987244052,0,0,0.498894318856253,0.872745330205617
14-01-005R,0.84557852908817,0.0992677741922288,0.00605442272689166,0.0490992739927096,0,0,0.775209163512711,0.630865048389676
15-01-015-R3,0.807070349639747,0.138428841946819,0.0545008084134344,0,0,0,0.802672328419344,0.596634737888631
15-01-018-R3,0.786357025051024,0,0.0031721876336205,0.210470787315356,0,0,0.780478226588525,0.624278681109206
15-01-035R,0.678813250220446,0.0187364461782356,0,0.302450303601319,0,0,0.652583390862473,0.756468186752691
16-01-003R,0.732325255311061,0,0.0774873400120196,0.190187404676919,0,0,0.800324155313176,0.602929417444511
16-01-014R,0.821826633485384,0.105719689934729,0,0.0724536765798872,0,0,0.774250793868063,0.631606552163481
16-01-031-R1,0.328416609127809,0,0.00314386531749404,0.668439525554697,0,0,0.618949258093337,0.787766102219939
Meningiomas_TL-21-275A8F_16-01-031,0.461606446533665,0,0.0077768613229291,0.530616692143406,0,0,0.738746661980801,0.686896472094867
16-01-040R,0.626138305514064,0,0,0.373861694485936,0,0,0.65610401174448,0.752925949715387
16-01-045-R2,0.882081189668459,0,0,0.117918810331541,0,0,0.85097093669242,0.525721177091977
16-01-047-R1,0.931313498658181,0.0446088426035015,0.0240776587383175,0,0,0,0.835402459476175,0.550234258505974
16-01-049-R1,0.784802985409044,0.153430173034792,0.0617668415561634,0,0,0,0.371457746340726,1.00533055951138
16-01-050-R1,0.860761530254403,0.106314118933198,0,0.032924350812399,0,0,0.818277981861284,0.574438440913197
17-01-005R,0.669576069207707,0,0.0609604764845715,0.269463454307721,0,0,0.715408523063979,0.69736411311747
17-01-008-R1,0.857270770694199,0.0752700782734459,0.0396618248800605,0.0277973261522944,0,0,0.809316317557493,0.587000373884393
17-01-010-R1,0.568540369117999,0,0.00163704493008513,0.429822585951916,0,0,0.577089547374604,0.817309247420978
17-01-011-R1,0.726238761100534,0,0,0.273761238899466,0,0,0.782213272345161,0.625215855467452
17-01-012-R1,0.837167897189807,0.0214090183537242,0.00208458365156019,0.134372028857965,0.00496647194694367,0,0.814380764774618,0.579968119529297
17-01-017-R1,0.756807185730209,0,0.0377123511412458,0.205480463128545,0,0,0.82380137160133,0.572639273006773
17-01-018-R1,0.769505368835739,0,0.12288712814463,0.107607503019631,0,0,0.515152582803136,0.888376016756216
17-01-019-R1,0.783171430131153,0,0.0627514111565228,0.154077158712325,0,0,0.479193388986324,0.916865161316155
17-01-021R,0.61971767544044,0.00789877891783663,0.00242074966606289,0.36996279597566,0,0,0.812499499527684,0.601705285460014
17-01-023R,0.777021989602689,0,0.0466219050976347,0.176356105299677,0,0,0.570378506874,0.837741704523364
17-01-029R,0.654547728692654,0,0,0.345452271307346,0,0,0.750761257706212,0.663434448199236
17-01-034R,0.741038896730335,0.258961103269665,0,0,0,0,0.752944740372677,0.656723822402808
18-01-008R,0.852386939642647,0,0,0.147613060357353,0,0,0.805533476381963,0.591370826117854
18-01-013R,0.817662711216258,0,0,0.182337288783742,0,0,0.798181915083267,0.601578608328747
18-01-038R,0.834964878546156,0.0424162620003272,0.00674996744965928,0.114485855296503,0.00138303670735408,0,0.801664150953842,0.596869536455702
18-01-040R,0.736910249240881,0.0707539325472098,0,0.192335818211909,0,0,0.752570054024178,0.657288210586363
18-01-041R,0.868180255202744,0.124968103868774,0.00412862772949279,0.00272301319898835,0,0,0.845433275911919,0.535317475894048
18-01-045R,0.895447412186471,0.0876854751459376,0.0168671126675911,0,0,0,0.782684943489165,0.623465099188104
DCC027R,0.788110427749822,0.0781399913195421,0.0535865302243482,0.0801630507062874,0,0,0.822313383335343,0.571710938023855
DCC09R,0.818688153049717,0.00324720524242596,0.00309182368351947,0.174972818024338,0,0,0.839058495481823,0.547097651387052
DCC10R,0.86052271637071,0,0.0504232260817628,0.0890540575475272,0,0,0.695575187945323,0.725162730037021
DCC18R,0.843039188213549,0.152609298697023,0.00435151308942754,0,0,0,0.833579258914304,0.553531435079903
DCC19R,0.776038392810971,0.011988579083508,0.0261311718476967,0.185841856257825,0,0,0.759449656890163,0.649017813220707
DCC22R,0.791412769864441,0.149165027323448,0,0.0594222028121113,0,0,0.737622475257122,0.674152740900135
DCC31R,0.888248949110853,0.0866261521620818,0.0136636378538939,0.0114612608731717,0,0,0.824796006071426,0.565254762804672
DCC36R,0.803541234025056,0.103201944351052,0.0932568216238919,0,0,0,0.459982989343897,0.940462628357615
DCC48R,0.581131182529539,0,0.108034327227314,0.310834490243147,0,0,0.644725673900181,0.762348553271953
DCC53R,0.849221712154987,0,0,0.150778287845013,0,0,0.824287669130636,0.565936150237887
Meningiomas_TL-19-063174_19-01-061,0.75034725620096,0.0803299162918355,0.169322827507205,0,0,0,0.777469220148309,0.62890504176299
Meningiomas_TL-19-86E286_19-01-026,0.841732165813013,0,4.29637714110441e-06,0.158263537809846,0,0,0.757323678662196,0.652033643336899
Meningiomas_TL-19-89E734_19-01-049,0.895045445907086,0.104954554092913,0,0,0,0,0.819534190567271,0.572828416380907
Meningiomas_TL-19-9EAF4C_19-01-032,0.837618641295851,0.0505503797577245,0.111830978946425,0,0,0,0.749926763438191,0.663132571216649
Meningiomas_TL-19-A70579_15-01-037,0.873887211786024,0,0.0120210575487048,0.114091730665271,0,0,0.682080469996815,0.740521015939146
Meningiomas_TL-19-E60840_19-01-057,0.962756073195224,0.0372439268047755,0,0,0,0,0.805974967984489,0.595818875510162
Meningiomas_TL-20-12CFF3_20-01-069,0.817892767173957,0.0224018748475271,0.159705357978515,0,0,0,0.81697376695872,0.577463879357384
Meningiomas_TL-20-25B125_20-01-020,0.695440749869789,0.261655781931097,0.042903468199115,0,0,0,0.766657456526643,0.641602381935849
Meningiomas_TL-20-525BA1_19-01-063,0.881110943296105,0.0702725710936759,0.0145315463850932,0.0340849392251256,0,0,0.71093907886705,0.709715118331478
Meningiomas_TL-20-A3D25D_20-01-050,0.660720163134089,0.230544259779958,0.0320071459489744,0.0767284311369783,0,0,0.733517775048114,0.678146815227985
Meningiomas_TL-20-CB5645_20-01-039,0.815085463244423,0.0781914528520519,0.106723083903525,0,0,0,0.705838808246654,0.712025512904509
Meningiomas_TL-20-E72604_19-01-051,0.878345782688274,0.0540309846661222,0.0676232326456042,0,0,0,0.768483237162062,0.641636098234124
Meningiomas_TL-20-EAED2D_20-01-006,0.82189407766496,0.111377804130885,0.0667281182041546,0,0,0,0.826489297867639,0.564520613864757
Meningiomas_TL-20-F1620C_20-01-027,0.931465704362266,0.0685342956377342,0,0,0,0,0.686844969272722,0.743789501811388
TL-20-F1620C_20-01-027,0.93081368981688,0.0691863101831197,0,0,0,0,0.685754141178922,0.744919009549114
Meningiomas_TL-21-2593D4_21-01-015,0.687013291828823,0,0,0.312986708171177,0,0,0.753743196305178,0.658479626120855
Meningiomas_TL-21-40A829_20-01-018,0.818875014152476,0.0141186751681618,0,0.167006310679362,0,0,0.782794066446083,0.620838259306178
Meningiomas_TL-21-43DC32_21-01-007,0.867224663139542,0.0052368260752423,0.0125269699911872,0.115011540794028,0,0,0.789908632667656,0.612224319588167
Meningiomas_TL-21-54A643_20-01-072,0.840300610906269,0,0,0.159699389093731,0,0,0.779662521364491,0.624701862378922
Meningiomas_TL-21-69E2AA_21-01-019,0.766855031216773,0.0354463333588225,0.197698635424404,0,0,0,0.827537575735179,0.563949179136071
Meningiomas_TL-21-6H3VUZ9N_21-01-065,0.834462353275903,0.0408452074608164,0,0.124692439263281,0,0,0.778523975969047,0.626201263631229
Meningiomas_TL-21-84U67PPG_16-01-004,0.558060714675408,0,0.116640788242141,0.325298497082451,0,0,0.598027952066013,0.80069264469184
Meningiomas_TL-21-8B34V6VF_21-01-046,0.699319194679826,0.0226916296525535,0.0126844350655521,0.265304740602069,0,0,0.776391188590268,0.63317737413984
Meningiomas_TL-21-9235BA_20-01-059,0.810313818091934,0,0.053353650011287,0.136332531896779,0,0,0.783703155001506,0.619993563625829
Meningiomas_TL-21-A77C12_21-01-018,0.853228162760073,0,0.0112435029154444,0.135528334324483,0,0,0.785901989304388,0.617079563510077
Meningiomas_TL-21-C6QC9A3Q_18-01-054,0.667571910563474,0.157847797562551,0.0052953392727587,0.169284952601215,0,0,0.744885908263038,0.666625363708551
Meningiomas_TL-21-ECB630_21-01-010,0.884974382902998,0.0411871953157075,0.0543771606044652,0.0194612611768296,0,0,0.78987814533081,0.613818890771021
Meningiomas_TL-21-F19F71_21-01-016,0.774231936996692,0,0.0613785818656365,0.164389481137671,0,0,0.80430026294112,0.595607865049492
Meningiomas_TL-21-H97KQ8G6_21-01-048,0.84077084643074,0,0,0.15922915356926,0,0,0.785678649988942,0.617150183645318
Meningiomas_TL-21-JIYRDM38_21-01-063,0.904880841832462,0.0786085468575325,0.015064847353328,0.00144576395667775,0,0,0.776119428452764,0.632589182407482
Meningiomas_TL-21-M8XZB6JT_21-01-082,0.769554183150816,0.0955798286751991,0.0816641386416824,0.0532018495323029,0,0,0.809024164607244,0.589684450848679
Meningiomas_TL-21-Q92RYHD7_21-01-095,0.637506157481744,0.355028989589842,0.00746485292841371,0,0,0,0.718982988743924,0.693496249651731
Meningiomas_TL-21-VWSV4KAI_21-01-083,0.830785054637407,0.0326793426832136,0.115566493479836,0.0209691091995437,0,0,0.856896452558135,0.519542074067264
TL-21-6KUCZZKA_T,0.783913954256435,0.083062907362205,0.13302313838136,0,0,0,0.789786805896759,0.61348819968713
TL-22-5HV5N89S_T,0.867391229975382,0.111056822265254,0.00932810394321557,0.0122238438161485,0,0,0.791434732293753,0.610822787977404
TL-22-76RTP8PX_T,0.835627533775962,0,0.00739294392401204,0.156979522300026,0,0,0.790161057586566,0.611512489705448
TL-22-S4GIR43Z_T,0.797687376398054,0.0532084654732093,0,0.149104158128737,0,0,0.78133262091034,0.62296921767648
13-25686-20CR_DCC04R,0.535626584480475,0,0.109483302851852,0.354890112667673,0,0,0.454291846105251,0.906758874295529
14-01-002R,0.696241162171554,0,0.005813661666708,0.297945176161738,0,0,0.371837022929097,0.980231351159367
15-01-017-R3,0.198467488867272,0,0.0779618562070416,0.723570654925687,0,0,0.443424320000346,0.915923970534161
16-01-002R,0.226748772322741,0.773251227677259,0,0,0,0,0.736406359584501,0.715172456024148
16-01-028-R2,0.466515984531455,0,0.0610604538885191,0.472423561580026,0,0,0.423834986215406,0.922978932026133
16-01-029R,0.700961893714999,0,0.0297766500957379,0.269261456189263,0,0,0.805755184990739,0.600088698897623
16-01-030R,0.465205595217189,0.138665649966829,0.0195821719845876,0.376546582831394,0,0,0.311160756747868,1.00540301482628
16-01-033-R1,0.540669625236495,0,0.077469623635494,0.381860751128011,0,0,0.406705565172377,0.938538315790663
17-01-001R,0.787790571395326,0,0.0397020074461044,0.172507421158569,0,0,0.791781276641861,0.610555424144753
17-01-009R,0.614357720884791,0,0,0.385642279115209,0,0,0.725515387538054,0.690337329501483
17-01-013-R1,0.602737156929192,0,0.0261794948395924,0.371083348231215,0,0,0.416100239637508,0.93671169510966
17-01-026R,0.586075930232553,0.263887327090587,0.0111517490965614,0.138884993580299,0,0,0.309802767702358,1.0251722090602
17-01-030R,0.446321870788368,0.310455880152932,0.0204905540690419,0.222731694989658,0,0,0.515826491553165,0.874584640025483
17-01-031R,0.557533162767673,0,0.0339948672259278,0.408471970006399,0,0,0.663311152979058,0.747436516227197
17-01-035R,0.256581313943809,0,0.0454168536864917,0.6980018323697,0,0,0.554879416620001,0.835875047650208
18-01-003R,0.251487435802596,0.109839591534629,0.125256142361758,0.513416830301017,0,0,0.492470149194868,0.884862493211634
18-01-010R,0.65477670780734,0.290743335068654,0.0544799571240063,0,0,0,0.561612718659948,0.841566661558532
Meningiomas_TL-19-E7457E_18-01-010,0.426863469669052,0.517456141637715,0.0556803886932324,0,0,0,0.567516048852637,0.84872284877794
18-01-024R,0.481041588512577,0,0.108622911890896,0.410335499596527,0,0,0.57237524759326,0.819567638766704
18-01-033R,0.822405452240051,0,0.0158674147722463,0.161727132987703,0,0,0.807550529488094,0.589411866863919
18-01-034R,0.504212115378353,0.466529607377957,0.0292582772436893,0,0,0,0.723824380291418,0.688884207457452
18-01-042R,0.672055909524339,0,0.0922448723836189,0.235699218092042,0,0,0.493402170741456,0.889652848551095
18-01-043R,0.423032129763933,0,0.0711061028253201,0.505861767410747,0,0,0.488665542920424,0.878852811840074
18-01-046R,0.656906870056014,0,0,0.343093129943986,0,0,0.678407035061719,0.732829737911987
18-01-047R,0.614450609206045,0.38260266368066,0,0,0.0029467271132948,0,0.565271976983663,0.840817153611862
18-01-048R,0.424599039402659,0,0.0577447117456813,0.51765624885166,0,0,0.56513002767372,0.825138272394304
DCC06R,0.784539846682181,0,0.043112203366066,0.172347949951753,0,0,0.522420366656592,0.880326653812475
DCC11R,0.636488194300702,0.328203036831754,0.0353087688675431,0,0,0,0.546814184222813,0.8547295908231
DCC13R,0.850022573098879,0,0,0.149977426901121,0,0,0.739766125580123,0.673180799320616
DCC14R,0.531676160265382,0.468323839734618,0,0,0,0,0.450564745526568,0.9423824346403
DCC17R,0.710365747764898,0,0.0374248882284858,0.252209364006616,0,0,0.330105406656446,1.01275110870301
DCC20R,0.822427466697702,0,0.00960340077159362,0.167969132530704,0,0,0.390184351289777,0.994249950421995
DCC21R,0.766123687339424,0.0366368392800603,0,0.197239473380516,0,0,0.682098172397474,0.731320238457501
DCC23R,0.5109113231605,0.0775882169739661,0.10284605668967,0.308654403175864,0,0,0.468000904519715,0.89848200114845
DCC32R,0.202451657535168,0,0.00112606914177414,0.796422273323058,0,0,0.346041012755849,0.981880463674665
DCC33R,0.190204680943954,0,0,0.809795319056046,0,0,0.535141531139865,0.854709248281827
DCC34R,0.523559875205645,0,0.0386530018701477,0.437787122924207,0,0,0.414799944325622,0.931407516040818
DCC35R,0.846250272261611,0,0,0.153749727738389,0,0,0.850205420897341,0.528942960272478
DCC37R,0.77704692952227,0,0.0420378782458336,0.180915192231897,0,0,0.386193963985563,0.987270994764301
DCC38R,0.657639807820973,0.175332350399156,0,0.167027841779871,0,0,0.734210306978461,0.677746697549895
DCC40R,0.515854014867686,0,0.0583777048563865,0.425768280275928,0,0,0.48467787797266,0.883497548697015
DCC43R,0.473843311192992,0,0.0659330759679511,0.460223612839057,0,0,0.437037052877636,0.914532316380927
DCC49R,0.801816066536118,0.0220956024701679,0,0.176088330993715,0,0,0.699708027520374,0.714965863338463
DCC50R,0.492972578859801,0,0.0333450224405394,0.47368239869966,0,0,0.441080194656369,0.912439594252822
DCC54R,0.15187014090564,0.840393661235553,0.00773619785880732,0,0,0,0.440044115746212,1.07950092338106
DCC55R,0.470360795443635,0,0.0544256103068707,0.475213594249494,0,0,0.465215333638024,0.895467983648763
DCC56-R2,0.79465736390052,0,0.0982453829901008,0.107097253109379,0,0,0.486536629329279,0.91537107317942
DCC57R,0.670172771405551,0,0.0786444543332843,0.251182774261165,0,0,0.625572013442326,0.780471753711813
Meningiomas_TL-19-0DB1BC_19-01-054,0.605001414613902,0,0.195633737662464,0.199364847723633,0,0,0.550317647764963,0.84417508771043
Meningiomas_TL-19-1A5F75_19-01-089,0.822170819494031,0.04779625209429,0.130032928411679,0,0,0,0.440297316796134,0.963324501566534
Meningiomas_TL-19-C46B1C_19-01-055,0.85217813385887,0.0335700172908681,0.114251848850261,0,0,0,0.674533703748889,0.749975489607445
Meningiomas_TL-19-EBC5FF_19-01-047,0.88442234941656,0.0146539832024598,0.0702639120396182,0.0306597553413625,0,0,0.646408551872656,0.782263789729553
Meningiomas_TL-19-FD8C78_19-01-030,0.857207794573406,0.0168633411965991,0.124067772002765,0.00186109222722976,0,0,0.36273150743836,1.0345429225573
Meningiomas_TL-20-158666,0.807219595539948,0.109551484968116,0.0832289194919358,0,0,0,0.687939330854396,0.730149373257751
Meningiomas_TL-20-158666_20-01-025,0.807219595539948,0.109551484968116,0.0832289194919358,0,0,0,0.687939330854396,0.730149373257751
Meningiomas_TL-20-2F7E80_20-01-021,0.681188922374056,0,0.102000472187141,0.216810605438804,0,0,0.525389169294277,0.865944085732286
Meningiomas_TL-20-36E383_16-01-027,0.430820581275653,0.108631036621372,0.205759759249743,0.254788622853232,0,0,0.623808845058147,0.780408607253595
Meningiomas_TL-20-468276_20-01-022,0.908147366114344,0.0350906689595905,0.0567619649260658,0,0,0,0.390176407423998,1.02218223521887
Meningiomas_TL-20-5618FD_20-01-061,0.575023218130852,0,0.143296444047311,0.281680337821836,0,0,0.814718655182135,0.598748288185093
Meningiomas_TL-20-56286D_20-01-003,0.843820931153955,0.0151092335116106,0.141069835334434,0,0,0,0.572989256931317,0.852608378967983
Meningiomas_TL-20-5A3727_17-01-027,0.902163787385695,0,0.0425984915725805,0.0552377210417246,0,0,0.614868806829703,0.816736329724262
Meningiomas_TL-20-95E160_20-01-042,0.780878927530086,0,0,0.219121072469914,0,0,0.745080515412702,0.665108747268402
Meningiomas_TL-20-AC2A78_13-01-003,0.545833626867875,0,0.0623245535033431,0.391841819628782,0,0,0.712674009883307,0.704665432729249
Meningiomas_TL-20-AF4A43_20-01-081,0.637915448205174,0.0873882858217521,0.0514296655837407,0.223266600389333,0,0,0.728259318572273,0.685008041742187
Meningiomas_TL-20-B56FF1_19-01-090,0.73738373190169,0.0335893235996877,0.0983406665736381,0.130686277924984,0,0,0.547092421927915,0.85516292674735
Meningiomas_TL-20-BC346C_20-01-011,0.467443862437095,0.492444503701335,0.0401116338615693,0,0,0,0.54935486613394,0.861523887099846
Meningiomas_TL-20-CC7C2A_20-01-041,0.68192646996918,0.0201590641780594,0.218398002709477,0.0795164631432835,0,0,0.814668208202043,0.584265739445959
Meningiomas_TL-20-DB3DB0_19-01-079,0.397537948858712,0.479884922774238,0.12257712836705,0,0,0,0.477380613959397,0.924753436558554
Meningiomas_TL-20-E79456_20-01-063,0.77842458012076,0,0.0255756851345745,0.195999734744665,0,0,0.674712268695599,0.739383321702622
Meningiomas_TL-21-0CC672_21-01-004,0.817453596045112,0,0.0569583730397551,0.125588030915133,0,0,0.806563353677788,0.590907885541113
Meningiomas_TL-21-0DADDE_21-01-005,0.825017761101437,0.0460494786481239,0.128932760250439,0,0,0,0.72079309959152,0.696770857230128
Meningiomas_TL-21-10F718_21-01-027,0.626999098680399,0.0253505500404513,0.0237370624173582,0.323913288861791,0,0,0.783548521725578,0.631008939932854
Meningiomas_TL-21-18822F_21-01-028,0.75746420911051,0,0.15167346577055,0.0908623251189396,0,0,0.679468458336293,0.736481858393514
Meningiomas_TL-21-32269F_21-01-037,0.70157608575951,0,0.0509359364174904,0.247487977822999,0,0,0.798363614148462,0.608190328527859
Meningiomas_TL-21-39A7FF_20-01-055,0.753275747981588,0,0.0894240856176143,0.157300166400797,0,0,0.770107417316849,0.637201634212957
Meningiomas_TL-21-3AC0E8_21-01-002,0.736559108936315,0.0234667339820075,0.107986977541338,0.13198717954034,0,0,0.781649752470245,0.624229207340417
Meningiomas_TL-21-4D428C_21-01-013,0.451072343314235,0,0.268921880521973,0.280005776163791,0,0,0.720404243010632,0.693398685176569
Meningiomas_TL-21-54946D_21-01-024,0.77649424804658,0,0.0534668073525319,0.170038944600888,0,0,0.707259460705574,0.706244968540553
Meningiomas_TL-21-5EAD3C_21-01-011,0.856235080646157,0.0324460479621568,0.111318871391686,0,0,0,0.632633379944557,0.794167119233215
Meningiomas_TL-21-62427B_19-01-074,0.366955309735371,0,0.107772134920978,0.52527255534365,0,0,0.626307575865023,0.779503753544675
Meningiomas_TL-21-6AH4JRVT_21-01-059_B2,0.841463709362494,0,0.0612049434225679,0.0973313472149378,0,0,0.795952086784491,0.60447302242981
Meningiomas_TL-21-772MTWNU_21-01-059_A1,0.667241433197345,0,0.109679157085099,0.223079409717556,0,0,0.765883148734728,0.645273888955043
Meningiomas_TL-21-9V7CQYC4_21-01-022,0.28681820111059,0,0.197357500440674,0.515824298448736,0,0,0.763384460526821,0.660190886052531
Meningiomas_TL-21-A24CAB_20-01-045,0.679474131504987,0.0911196353216064,0.0809633353545536,0.148442897818853,0,0,0.745412978263752,0.666145590335284
Meningiomas_TL-21-A86B3B_20-01-074,0.86580433879139,0.0356655004715744,0.019826228120731,0.0787039326163047,0,0,0.800837770232168,0.598003565793074
Meningiomas_TL-21-AB4149_11-01-004,0.606229551159156,0,0.173706422623898,0.220064026216946,0,0,0.718984556236658,0.694083219891165
Meningiomas_TL-21-AC312E_21-04-003,0.759250860610329,0.1354251718199,0,0.105323967569771,0,0,0.776649893217166,0.629277092979588
Meningiomas_TL-21-D64A66_21-01-009,0.243996507614706,0.728351494511797,0.027651997873497,0,0,0,0.553527770211393,0.915161568804617
Meningiomas_TL-21-E560F9_19-01-008,0.325595842820301,0,0.272752473523319,0.401651683656379,0,0,0.681984720580264,0.730191143663037
Meningiomas_TL-21-E6727A_20-01-026,0.656043483519618,0,0.0392091142794485,0.304747402200933,0,0,0.761339713409332,0.652145630079552
Meningiomas_TL-21-M8MNBPME_21-01-035,0.625222897147932,0.174024040602828,0.185337453774519,0.015415608474721,0,0,0.766533236291648,0.643013057032403
Meningiomas_TL-21-QYYK8XRQ_21-01-098,0.419395560010245,0.444592281350874,0.136012158638881,0,0,0,0.649353930228855,0.766131550769702
Meningiomas_TL-21-ZJT6YRBX_21-01-064,0.61115638050587,0,0.238403513809793,0.150440105684337,0,0,0.782731870337543,0.625152982456086
Meningiomas_TL-21-ZVRBQA9H_19-01-029,0.302048661780933,0,0.151150053935282,0.546801284283784,0,0,0.642082513108833,0.767110283970816
TL-20-67D721_T,0.840986315249591,0.0284548410618805,0.0522374682322068,0.0475782668386346,0.0307431086176871,0,0.432527070826509,0.968150443100608
TL-20-89DAC7_T,0.827670249477051,0.0445920613875225,0.127737689135427,0,0,0,0.5915764242927,0.83093114776325
TL-20-EBF2E6_T,0.792795185283654,0.125609214585611,0.0815956001307358,0,0,0,0.403300218038861,0.983062632896765
TL-21-CUFUM4BB_T,0.579959104704494,0.361159659006764,0.0588812362887425,0,0,0,0.7438742583238,0.666843918852529
TL-21-ESQ4NDQ4_T,0.8257894329573,0.0414818028434033,0.132728764199297,0,0,0,0.605458216964966,0.817623715047158
TL-21-IYGYYS3R_T,0.708786239361206,0.0234144297427018,0.224751583160918,0.0430477477351738,0,0,0.798694038525256,0.602973017471011
TL-21-XFTES8H4_T,0.376407548075843,0,0.178571733569919,0.445020718354239,0,0,0.609376980045347,0.791531664219616
TL-22-293W2PY3_T,0.804644616788934,0,0,0.195355383211066,0,0,0.764612546173431,0.642770172735903
TL-22-8UQBEBZ7_T,0.645416249515809,0,0.0614124673093825,0.267275055768735,0.0258962274060732,0,0.737052551315386,0.677162370412568
TL-22-PEA63ZDD_T,0.673801303842873,0,0.129680274093335,0.196518422063792,0,0,0.699689190857929,0.712529350902815
TL-22-R5JM843P_T,0.721501069010566,0,0.0799656978672603,0.198533233122174,0,0,0.820398556866769,0.579481986367063
TL-22-S5JW3AY5_T,0.280189674426325,0.719810325573675,0,0,0,0,0.559835172179587,0.90253620976214
TL-20-807A65_17-01-037,0.737339832604693,0.0471341561866105,0.215526011208697,0,0,0,0.71344151408745,0.702665997905057
TL-21-80363C_21-01-101,0.275724689890944,0,0,0.724275310109056,0,0,0.609379460552079,0.796178400569869
TL-21-IWP7U6EW_21-01-084,0.577659753894495,0,0.0658876928928439,0.356452553212661,0,0,0.671999313762408,0.739248326444799
TL-22-2DY9UPCM_15-01-041,0.815128151214653,0,0.0396523711399896,0.145219477645358,0,0,0.791506779225873,0.610171760723103
TL-22-3IXBNEJB_20-01-082,0.742967119053905,0,0.0616423439991446,0.19539053694695,0,0,0.809369015940689,0.591477228384604
TL-22-6C5UQ2NU_22-01-019,0.865958939597133,0,0,0.134041060402868,0,0,0.789116047336562,0.613077691865223
TL-22-6SZNHCYH_22-01-023,0.723848812352301,0,0.0685089096979775,0.207642277949721,0,0,0.675667275865679,0.736309437373455
TL-22-AKQNC3PA_22-01-043,0.856325119328767,0.0432237653350794,0.100451115336154,0,0,0,0.737698224765877,0.678657882398852
TL-22-C36NTXSJ_22-01-033,0.449220175357178,0,0.0279053017319223,0.522874522910899,0,0,0.740075795585799,0.686081338762648
TL-22-JHDWEE3Q_22-01-049,0.757104955750752,0.131870471090126,0,0.111024573159123,0,0,0.578665685036908,0.829343349958004
TL-22-JYX3IEZE_22-01-044,0.279226034972543,0,0,0.720773965027457,0,0,0.626727803467554,0.782839526572645
TL-22-KEPIB6NG_22-01-022,0.777700866123518,0.0966413023029025,0.12565783157358,0,0,0,0.748254755600051,0.663143095081805
TL-22-KV3NEKEC_19-01-099,0.524356267335812,0,0.105112818981377,0.370530913682811,0,0,0.619434812217634,0.783218377464064
TL-22-Q5D6VUSD_22-01-041,0.841260650132504,0.11935953706155,0.0393798128059466,0,0,0,0.808149191189071,0.588853730231173
TL-22-R7W8AHSK_22-01-035,0.857677354579707,0,0.0618765871774359,0.0804460582428568,0,0,0.812588527471798,0.582299951151168
TL-22-RTWEG4KB_19-01-097,0.251375117234908,0,0.119174628991249,0.629450253773843,0,0,0.54661035658275,0.84083906941949
TL-22-S68RU3Q2_22-01-034,0.718614673022919,0,0,0.281385326977081,0,0,0.776499370021068,0.632121063734874
TL-22-U7VW3GN8_22-01-026,0.787143904608356,0,0.0255421569183075,0.187313938473337,0,0,0.671275794526327,0.74341644883477
TL-22-UE5KFWPE_22-01-048,0.71746676229752,0.0591439184282356,0.223389319274244,0,0,0,0.560122289208853,0.85172218657336
TL-22-UPJSI3NG_22-01-039,0.795157968938245,0.0464873932547197,0.158354637807036,0,0,0,0.585226254924593,0.833975320090913
TL-22-UZFBB8AU_22-01-042,0.475461085895129,0,0.149327228780781,0.37521168532409,0,0,0.628924330882956,0.775585715754538
TL-22-WSU8SV5A_22-01-010,0.483543699155021,0,0.0330700112581202,0.483386289586859,0,0,0.54664441227568,0.838751772707258
