Mixture,B cells naive,B cells memory,Plasma cells,T cells CD8,T cells CD4 naive,T cells CD4 memory resting,T cells CD4 memory activated,T cells follicular helper,T cells regulatory (Tregs),T cells gamma delta,NK cells resting,NK cells activated,Monocytes,Macrophages M0,Macrophages M1,Macrophages M2,Dendritic cells resting,Dendritic cells activated,Mast cells resting,Mast cells activated,Eosinophils,Neutrophils,P-value,Correlation,RMSE
12-25748-20R,0.134035720935697,0,0.00191293265125727,0,0,0.23736302060168,0,0.00552216575841779,0.000522998026157308,0,0,0.0785638260167347,0.0844968891337282,0,0,0.366194610251196,0,0.00693919275074477,0.0744958398504577,0,0,0.00995280402392879,0,0.0023509711218675,1.08876413660102
12-25793-20R,0.158092597189699,0,0,0,0,0.195030306634031,0,0.00908480148163753,0.00189975094239833,0,0,0.0977918313206899,0.0227186505188422,0,0,0.239711901210786,0,0,0.275670160701915,0,0,0,0,0.0105376933371025,1.09220490247742
14-01-004-R1,0.0859910423341296,0,0.0090737883035721,0,0,0.262106830990824,0,0,0,0,0,0.104345613242472,0.0606359363373528,0,0,0.30639420557278,0,0.000782953561105903,0.154982037092519,0,0,0.0156875925652444,0,0.00832053713872232,1.08497033475749
14-01-008-R3,0.1129831784973,0,0.000822006279010143,0,0,0.204860671907842,0,0,0.0192529254710991,0,0,0.0681861717782876,0.0235700399917064,0,0,0.516937227149488,0,0.00940825588334242,0.0362549386593196,0,0,0.0077245843826052,0,-0.00496734005490385,1.11156512528165
15-01-011R2,0.146720713138511,0,0.034554127437214,0.00664717840268839,0,0.179699097068874,0,0,0,0,0.00422712046227161,0.039568682228856,0.133960048500119,0,0.00157604685372526,0.327760439156247,0,0,0.0962499753138809,0,0,0.0290365714376139,0,0.0637812458048618,1.05807963017334
15-01-013R,0.0762375938658273,0,0.0122789768739108,0.053525039813783,0,0.281758591706552,0,0.00222419219443862,0,0,0,0.147074798809408,0.176277314981433,0,0,0.190484236643177,0,0,0,0.0123053437603383,0,0.0478339113511328,0,-0.0108764528816178,1.11415013644676
15-01-023-R3,0.150865167413666,0,0.00708377929394085,0.0278507445016918,0,0.14539442941702,0,0.00353328161288967,0,0,0,0.0581401484695168,0.11593404690319,0,0.0264878413747165,0.351512298869462,0,0,0.0982252551586628,0,0,0.0149730069852435,0,0.0230085723402324,1.07719693544637
15-01-025R,0.0386811941460973,0,0.00224838905418219,0.0460391366264765,0,0.21773178938326,0,0,0,0,0,0.0414007242921696,0.0787002719109245,0,0.0171982075849222,0.290054835066436,0,0,0.265256648158001,0,0,0.00268880377753093,0,0.105859824124926,1.04917202639698
15-01-032R2,0.161491671028587,0,0,0.0183029909089984,0,0.159996064696909,0,0.00136841511801214,0.025088471207926,0,0,0.0522080999746356,0.0362791290229625,0.0457340480457595,0,0.383962346825383,0,0,0.0884885060036267,0,0,0.0270802571672003,0,-0.0154671553594703,1.09796253633663
15-01-24R,0.0130985241561973,0,0.00233298289197335,0.0349231241626626,0,0.172555314510745,0,0.0614248965762745,0.0474842056283044,0,0,0.0701728412802944,0.0345752271252699,0.183337418591772,0,0.322534765458848,0,0.00203433041449767,0.0555263692031598,0,0,0,0,0.0403450482134651,1.08950377031531
16-01-006R,0.142065777371722,0,0.00237889594406453,0,0,0.207800118026612,0,0.00831464360498055,0,0,0,0.0840692474948587,0.113588519594809,0,0.000684714501480424,0.341589682080604,0,0,0.0636429497475828,0,0,0.0358654516332866,0,0.0283172265197846,1.07917897419731
16-01-011R,0.0957575567493772,0,0.00443788746680468,0,0,0.242850565634501,0,0.0124113227071888,0,0,0,0.113357890758847,0.0294545154526822,0,0.0100474243860957,0.375970076054734,0,0,0.110046698580165,0,0,0.00566606220960367,0,-0.0263233800981643,1.10451697689987
16-01-035-R1,0.0736643878472449,0,0.00145562177012009,0.00424597039004326,0,0.163958456289107,0,0.00776611840793852,0,0,0,0.0763108738844136,0.0825849055834455,0,0,0.304107392057609,0,0.00380437051609989,0.222021266000671,0.000426933210544722,0,0.0596537040427624,0,0.0573403581295297,1.06858292363954
16-01-036-R1,0.204241805552093,0,0.00326504277743065,0,0,0.18338222899578,0,0.0329627974108842,0,0,0,0.155243782906076,0.0542148636966045,0,0,0.147476285126806,0,0.00413163503869962,0.131812900665325,0.0604938702033452,0,0.022774787626956,0,0.0188087160722382,1.0958302675929
16-01-037-R1,0.0300626502881223,0,0.00691529805733267,0.0236148998742331,0,0.19052001705126,0,0.0111788133631095,0,0,0,0.137977518056724,0.0433403588246722,0,0.00620361277904209,0.181258153186997,0,0.00704146679108085,0.207999539259265,0.136246996597963,0,0.0176406758701971,0,0.0485808093764411,1.1079043750443
16-01-038R,0.0753345395482146,0,0.000363347400324193,0.108513050122762,0,0.105953129234513,0,0.0092620008006982,0,0,0,0.0615050059866629,0.0852575222057732,0,0,0.510939976124312,0,0.00686783850151298,0,0.0128157010290834,0,0.0231878890461442,0,0.101145111552321,1.06980777017569
16-01-041R,0.0624965592095644,0,0,0.0565487691090836,0,0.118920930133667,0,0.00344349265314359,0,0,0,0.0364184603029746,0.17166838542988,0,0,0.371493581732345,0,0,0.115544666662174,0,0,0.0634651547671682,0,0.123185647152551,1.04722765212578
16-01-043R,0.00765695113533047,0,0,0.0990341374046439,0,0.130214005114356,0,0.000973603352733307,0,0,0,0.0696286603132179,0.0974731866802224,0,0,0.517851500152679,0,0.00485779023433665,0.0584600524339055,0,0,0.0138501131785744,0,0.0732116355628302,1.08394986413654
16-01-044R,0.0736984139013916,0,0.000450476845195742,0.0335668404679397,0,0.403954239483439,0,0.00111927554563387,0.0201889135339639,0,0.0349103200048236,0,0.0635056188287323,0,0.0138409068451653,0.149423539135687,0,0.00523307078753048,0,0.163572781622867,0.0306095993841942,0.00592600361343677,0,-0.00966946331805904,1.10303711173019
16-01-051-R1,0,0.0167302538044567,8.0388890783468e-05,0.160820281229988,0,0.19768259890865,0,0.000880344271501271,0.00260940687223796,0,0,0.0610678968287138,0.0896227690350302,0,0.068410543921544,0.335964650478192,0,0.000269623480559838,0.0567398000002947,0,0,0.00912144227804867,0,0.0752201558371974,1.06637972481976
17-01-002R,0.000998185871369006,0,0.00256283880926413,0,0,0.2361780149959,0,0.0450456046978762,0.0294743129272767,0,0.016943886240827,0.0768097794568967,0.0406345029622205,0.136639731931467,0,0.380711568503922,0,0.0154124545758677,0.0185891190271135,0,0,0,0,0.109341874173777,1.06327503576766
17-01-003R,0.0608394717491573,0,0,0.120307380420373,0,0.110934587555366,0,0.00730009900389337,0.0123349436184183,0,0,0.0459795650483235,0.158038149621217,0,0,0.381906898963947,0,0.00385747083361337,0.0778362704927626,0,0,0.0206651626929293,0,0.0759992174045018,1.06400202886015
17-01-004R,0.0622992859562395,0,0.00141779956456229,0,0,0.184666124946577,0,0.032355969923048,0.00683821070897477,0,0,0.094625544766195,0.0948081792176982,0,0,0.255771431964034,0,0,0.267217452952671,0,0,0,0,0.0488122812014543,1.07426499008482
17-01-006R,0.0509736621172669,0,0.00692479432180435,0.055485046840045,0,0.252411777582705,0,0.0075169171016452,0,0,0.0263712554030018,0.0595183100795359,0.10054803279035,0,0,0.376948696729521,0,0.0136912029389756,0,0.00151503711023124,0,0.0480952669849186,0,0.0220047331977061,1.09204904194383
17-01-015-R1,0.0472929130793222,0,0,0.0188980988524982,0,0.161609464110691,0,0,0,0,0.0328996107860653,0.0260623414983925,0.046856373782776,0,0,0.560518254654234,0,0.00430449498238459,0.0708104246777779,0,0,0.0307480235758587,0,0.0565242405067023,1.09233659436194
17-01-016-R1,0.191519681643675,0,0,0,0,0.203078397937594,0,0.00316413931312295,0.0283431106802898,0,0,0.0894939515257679,0.031502213295993,0,0,0.336105471466701,0,0.000892725113532102,0.0850729596129801,0,0,0.0308273494103448,0,-0.000581898192240302,1.08922673834745
17-01-020R,0.0435939449340959,0,0,0.113671198384684,0,0.133868869100627,0,0.0293891654550729,0.0379151740163103,0,0,0.0985249974398521,0.0914669981415231,0,0.000416054097429038,0.395438090751858,0,0,0.0445543539096554,0,0,0.0111611537688929,0,0.0156395460669127,1.09544210272296
17-01-022R,0.133791800367489,0,0,0.0177597690546631,0,0.168476019382953,0,0.0223022568218793,0,0,0,0.0810017855992677,0.0292465135871609,0,0,0.270552398282177,0,0.0102459983812739,0.236084895960205,0,0,0.0305385625629313,0,0.0433696308590582,1.0707184809957
17-01-024R,0.0726876904605452,0,0,0.0803561344051766,0,0.205254451863908,0,0.00489271813583025,0.0193070281385596,0,0,0.12702515997257,0.106064652889645,0,0,0.356373908543617,0,0.00845113283936957,0,0.00229413202584627,0,0.0172929907249319,0,0.0435524583027269,1.08859693662862
17-01-025R,0.0204895534028643,0,0,0,0,0.255679592001353,0,0.0137102728474199,0,0,0,0.0944536023999282,0.067877197696702,0,0,0.411805114900683,0,0.0015239363494487,0.127076565006982,0,0,0.00738416539461942,0,0.0387747220067379,1.08288648358373
17-01-028R,0,0.00480566546673952,0.00233809004866958,0.124441418921604,0,0.226881792414051,0,0.0309701164746481,0.0211497365694601,0,0,0.0880209625488931,0.0994744919508525,0,0,0.298542182384316,0,0.00906138883697967,0.0879236347193977,0,0.00639051966438884,0,0,0.0654726369305794,1.06938687452641
17-01-032R,0.0791639593452378,0,0.009290782412364,0.0442788160858773,0,0.104226753595266,0,0.0266382140735836,0,0,0,0.0877386726496532,0.140536857995984,0,0,0.279389136008488,0,0,0,0.228736807833547,0,0,0,0.0116928670476387,1.1163021494802
17-01-033R,0.0912389523109657,0,0.000684022093667238,0.00813501589239086,0,0.25046757485424,0,0.0135099486438141,0,0,0,0.0687425879194805,0.121904966078896,0,0,0.18240966592427,0,0.0135325067540391,0,0.230776796608478,0.000426877313958741,0.0181710856057989,0,0.0267366634814323,1.10055378850984
18-01-005R,0.0508641236509146,0,0,0,0,0.199584080419551,0,0.0217274153064957,0,0,0,0.145281512676527,0.0162666460353512,0,0,0.24681314542393,0,0.00681245443825955,0.251908542723935,0.0607420793250372,0,0,0,0.112532766818178,1.06658301178947
18-01-007R,0.0395037439517771,0,0,0.00956515172541969,0,0.204535010201842,0,0.0801575063612738,0.0225641477572308,0,0,0.125371844288747,0.114945408391753,0,0,0.224003779906498,0,0.00505898548332906,0.17429442193213,0,0,0,0,0.0157429635290574,1.08477137803151
18-01-014R,0.0900439802884845,0,0.000452539355188365,0.0212644937766232,0,0.152939713578855,0,0.00674090177166475,0,0,0,0.0819509800470325,0.0832439748884183,0,0,0.334420017232799,0,0.00502652169437855,0.206236951859153,0,0,0.0176799255074028,0,0.0486619312137754,1.07109058297981
18-01-015R,0.0298737887939073,0,0,0.0483220311993678,0,0.0895863634880255,0,0.0037221295544978,0.00506618889817548,0,0,0.0616555233216607,0.167446373302237,0,0,0.385512348979973,0,0,0.207810955274548,0,0,0.0010042971876078,0,0.0905828014277592,1.06431256534665
18-01-017R,0.175505819949966,0,0.00235856755873443,0,0,0.155581497407224,0,0.00902760996091462,0.015416566865753,0,0,0.0750671384594907,0.00661922586118015,0.0741010770119307,0,0.360669350580678,0,0.00639988587293804,0.0982087624388413,0.0120322409622824,0,0.00901225707006598,0,0.014196279669902,1.08736779655576
18-01-018R,0.0713506020542648,0,0.00238670110710007,0.025629567860275,0,0.233807377161872,0,0.00820438539412651,0.00885721691001887,0,0,0.0442593249646101,0.0912371942196013,0,0.000237690824990972,0.239455572864178,0,0.0053281969659892,0,0.232221646764988,0.00220147242285512,0.0348230504851299,0,0.0473026339019245,1.09066956668913
18-01-020R,0.104351794572617,0,0.000803629582704679,0.0392680021256438,0,0.186623914886759,0,0.00711042245116619,0,0,0,0.0583919342533528,0.0650074362365083,0,0,0.452754727608673,0,0.0128780027476206,0.0219203945633337,0,0,0.0508897409716209,0,0.0229301724699226,1.09334493122688
18-01-021R,0.00149353507755186,0,0.00334269871419884,0.0332232482191044,0,0.384338803327325,0,0.0403568198320309,0.0328330137531269,0,0.000404286318161534,0.122049191960033,0.0979321705861262,0.00386155475261185,0,0.150354307607401,0,0.00155026434100146,0.124945423764749,0,0,0.00331468174657734,0,-0.0024846211052933,1.108633299537
18-01-026R,0.0832915523387162,0,0,0.16993734130375,0,0.0985836107510909,0,0,0.0456170832547062,0,0,0.0568848024905225,0.0415677214851063,0.0240191624041187,0,0.380675870952505,0,0,0.0994228550194844,0,0,0,0,-0.0127765617725904,1.09870681711242
18-01-028R,0.0718628169134849,0,0,0.0428009708697638,0,0.201335242137591,0,0,0.0107912503487379,0,0,0.0819872328387402,0.0604688617725481,0,0,0.434973962889207,0,0,0.0897864174264139,0,0,0.00599324480351407,0,0.0198908845632116,1.09035702509689
18-01-029R,0.0356855506700327,0,0.000181691658326533,0.0220535190782553,0,0.232691842918707,0,0.0208529176894421,0,0,0,0.0774218253815605,0.238947095275805,0,0,0.335888343274894,0,0.007931741101868,0.0133142411856225,0,0,0.0150312317654864,0,0.0580316978072268,1.07987048572234
18-01-030R,0.0364500407610861,0,0.000704868643769985,0.0865014859480146,0,0.130548569102469,0,0.0382994216985203,0.0131524456736701,0,0,0.0828547526928222,0.0402749118983478,0,0.000539115900256321,0.530290797152145,0,0,0.0272451052593613,0,0,0.0131384852695368,0,-0.00733564740277419,1.12043595898131
18-01-035R,0.0453593806856498,0,0.000270221398553625,0.00879305339165455,0,0.225113878774533,0,0.0274680496884764,0.0120081920627751,0,0,0.0860863045138058,0.272366850876622,0,0,0.261555408627229,0,0,0.0416417693299783,0,0.0193368906507217,0,0,0.0471157731108508,1.07862058193207
18-01-039R,0.00125252180201381,0,0.0022918992962387,0,0,0.346271345182773,0,0.0164437761215946,0.0247392653839475,0,0,0.0624101465526548,0.0640112599359525,0.0257585236379912,0,0.292743320907404,0,0.00665531617070936,0.13822464147364,0,0,0.0191979835350806,0,0.0352586256660615,1.07675688641833
18-01-049R,0.000259635779016426,0,0.00186846901503245,0.025915953982365,0,0.369392358172376,0,0.0589282359117779,0.0273127462944527,0,0.00356318320104615,0.109728814087534,0.0849402893033282,0.0386052395983947,0,0.148825029246844,0,0.00670599062334534,0.118701992889518,0,0.00525206189496843,0,0,0.0349763893298914,1.08737639576764
18-01-050R,0.0809268071676361,0,0,0.0422330584378211,0,0.185650648315223,0,0.0170213468125414,0,0,0,0.115229522790318,0.157632864066804,0,0.0368447649297024,0.307474989864281,0,0,0.00354733433749562,0.000472735293519263,0,0.0529659279846583,0,0.058734882211459,1.07709647698701
DCC07R,0.0870916557496428,0,0,0.0204094201955457,0,0.219402714260107,0,0.00581125755249181,0.0199337481204581,0,0.0076639511224159,0.0557394662118404,0.0343791671999843,0,0,0.506964718450882,0,0.0130229351054147,0.023122520904934,0,0,0.0064584451262834,0,0.0413535962094384,1.090709727993
DCC12R,0.0220393096888637,0,0.000782508730060161,0,0,0.184382005676681,0,0,0.00486148213837124,0,0,0.0739447113201747,0.0910584870799518,0,0,0.463411361859391,0,0.000485087041329394,0.123031704582234,0,0,0.0360033418829433,0,0.0614373973732227,1.07969208448665
DCC25R,0.0633417597886997,0,0.000395032719211343,0.156793769051716,0,0.148676526809725,0,0.0111233059147721,0,0,0,0.10535288253379,0.0589628638298738,0.00322757548191013,3.88196324418818e-05,0.220570796710648,0,0.00102055591531249,0,0.122559858158362,0,0.107936253453537,0,0.0273030539064636,1.10022479538452
DCC28R,0.0795173352723613,0,0,0.0245110352440713,0,0.184127228230015,0,0.0161023908036337,0.0121427522386429,0,0,0.103013828157783,0.0864540315218312,0,0,0.336473036896429,0,0.00532073246188834,0.152337629173344,0,0,0,0,0.0388354081495491,1.07442043622164
DCC29R,0.173636917707252,0,0.00327912060894499,0.00472304716130205,0,0.225912512041289,0,0.00321174431827641,0.00519459260415348,0,0,0.10653863995619,0.0851379825524699,0,0,0.34168072493778,0,0.00321872840249923,0.035560226763441,0.0119057629464012,0,0,0,0.0151551597269334,1.08838106014104
DCC30R,0.132671940583956,0,0,0.0822669183173562,0,0.202812766125016,0,0.00658513870310005,0.0249540061079935,0,0,0.0668843594229002,0.0934863477864175,0,0,0.292108375362722,0,0.00371119526963476,0.0751077959241203,0,0,0.0194111563967836,0,0.0361926560983239,1.07166185976544
DCC42R,0.00272964243125018,0,0.0143962363800439,0,0,0.34952988654666,0,0.00977639576450654,0.00516488091273636,0,0,0.116877933759863,0.0385595320176968,0,0,0.25801531130567,0,0.00523379302012339,0.189140137803115,0,0,0.0105762500583346,0,0.0108701980898857,1.09319261642038
DCC45R,0.00331140550220713,0,0.00741648302866671,0.0093899561398073,0,0.22339288210994,0,0.00438354340200881,0.0136051790291467,0,0,0.108942370229833,0.0310883818172429,0,0,0.448384823195194,0,0.000965714306908695,0.131442638666399,0,0,0.0176766225726445,0,-0.0221229644556436,1.11478713307949
DCC51R,0.0940981146293206,0,0.0220317537442188,0.0911356880932978,0,0.228125368507537,0,0,0.00710705812627051,0,0,0.104929199047771,0.0658661264533509,0,0,0.277233106708272,0,0.00688405111133139,0.0913487094383281,0,0,0.0112408241403019,0,-0.0175559759127569,1.09623332896056
Meningiomas_TL-19-09ABAE_19-01-007,0.154866684608074,0,0.000666930943590228,0.0244786793927657,0,0.152911397370251,0,0,0.00616190968902434,0,0,0.0665643132216716,0.12738362645979,0,0,0.344055661118989,0,0,0.122910797195845,0,0,0,0,-0.0314290461812766,1.1001532325044
Meningiomas_TL-19-81B6D9_19-01-016,0.00924401708671507,0,0.00793428322539884,0,0,0.2464385583743,0,0.00749797509623025,0,0,0,0.0663448795737919,0.0955340365022656,0,0,0.396426566544999,0,0.00236049433947164,0.128754806022082,0,0.0168200256458345,0.0226443575889108,0,-0.0161960889099323,1.10178030103755
Meningiomas_TL-19-8CDC07_19-01-038,0.037939372475996,0,0.00702928752955552,0,0,0.138029381207686,0,0.0459841835443195,0,0,0.0026145768821861,0.0160960447532408,0.0172821489082909,0.0522729459675954,0.00747731147716697,0.579078013285746,0,0,0.0961967339682174,0,0,0,0,0.0288308811678674,1.11296636613774
Meningiomas_TL-19-AE1F68_19-01-005,0.0625359009126107,0,0.00402562296769546,0,0,0.280800556920641,0,0.0117765498356003,0,0,0,0.0941576092327492,0.214836640632087,0,0,0.246207909332524,0,0,0.0562665343357412,0,0.0293926758303509,0,0,-0.00231486356184547,1.09264666768126
Meningiomas_TL-19-CBED44_19-01-064,0.102480403080069,0,0,0,0,0.243088280538343,0,0.0584787457120378,0,0,0,0.088054974429734,0.0659351479783051,0,0,0.366386817007118,0,0,0.0731073215521998,0,0.00246830970219341,0,0,-0.066182567149183,1.11754292503629
Meningiomas_TL-20-2BA7A2_20-01-049,0.0935698346321531,0,0.0218535348735257,0,0,0.24767159901844,0,0.0256193056978744,0.00140422605153558,0,0,0.0822680016435543,0.0190913968711027,0,0,0.362484425761364,0,0,0.143257351122896,0,0,0.00278032432755406,0,-0.0338602886926274,1.10077264007108
Meningiomas_TL-20-36A961_20-01-033,0.0435866603334352,0,0.00375476899420021,0,0,0.138222306580347,0,0.0385020878731519,0,0,0,0.130437323095004,0.0437695478766395,0,0,0.454830367104435,0,0,0.0748934228561457,0.0336481003161715,0,0.0383554149704708,0,-0.00140857559042521,1.1120247795282
Meningiomas_TL-20-479F28_19-01-018,0.0291166667978547,0,0.00198397049008417,0,0,0.127908620041525,0,0.0261874130957366,0,0,0,0.0792503757339887,0.0960259622514702,0,0,0.182553565998869,0,0,0,0.319832287412532,0.0773104143132718,0.0598307238646684,0,0.054273168040236,1.12569103002531
Meningiomas_TL-20-49DB15_19-01-087,0.0947744993395314,0,0,0.0573120489428436,0,0.229241391306706,0,0.0240643933601365,0,0,0,0.0469053652759824,0.0287753848438604,0,0,0.499427727015586,0,0,0.0194991899153533,0,0,0,0,-0.0105076700490768,1.11342009657617
Meningiomas_TL-20-4A5969_20-01-010,0.0698388722255668,0,0,0,0,0.34130445070849,0,0.00555310932921854,0,0,0,0.0900222101832528,0.0273628290308297,0,0,0.370678315205032,0,0.00406120534571902,0.0911169151084346,0,0,6.20928634565379e-05,0,-0.0524859862549799,1.11767124214981
Meningiomas_TL-20-550F5F_19-01-072,0.0425502963782595,0,0,0,0,0.152549624235877,0,0.0470485630253623,0,0,0,0.129273573159976,0.151129316868491,0,0,0.356964095913565,0,0,0,0.119059811151333,0,0.00142471926713556,0,-0.0159756560383362,1.12180102567322
Meningiomas_TL-20-664423_19-01-083,0.0330945631855107,0,0.00321852704727252,0.0647393611047495,0,0.199017379062504,0,0.0273259816096619,0,0,0,0.0932263268966446,0.0973896049538089,0,0,0.414944573342718,0,0.00307072384828608,0.0551418190119477,0,0,0.00883113993689604,0,0.010111598362949,1.0975477780607
Meningiomas_TL-20-6FBB8A_16-01-005,0.147907538025573,0,0,0,0,0.206809143352905,0,0.109334358532073,0,0,0.0161051397026333,0.0470097619855731,0.0558723400494234,0,0,0.404194214332288,0,0,0,0.0105151171371449,0,0.00225238688238545,0,-0.0248730145993967,1.10700819746417
Meningiomas_TL-20-759BA6_20-01-028,0,0.0652519596905244,0.0113720069083329,0.119297725326493,0,0.126805113668059,0,0.117385222803743,0,0,0,0.0291409910323643,0.0113171472958613,0.00281771687396137,0,0.436337334468792,0,0.00378954461423354,0.0557226753737907,0,0,0.020762561943846,0,0.00245360535703118,1.09471782937851
Meningiomas_TL-20-7600A2_19-01-080,0.0394545684217278,0,0.00749296767842984,0.0171097559449472,0,0.153141297126721,0,0.0216948565343227,0,0,0,0.0841493804200261,0.104298587708186,0,0,0.379671746555019,0,0.00100816801868787,0.159981810154486,0,0,0.0319968614374469,0,0.00133952707656633,1.09425607828796
Meningiomas_TL-20-7E5975_19-01-078,0.0492141238550178,0,0.0285419986510114,0.0225859297103523,0,0.207742502773255,0,0.0167288558761483,0,0,0.0141266562932803,0.0467497548415419,0.123228662542666,0,0,0.393906151493397,0,0,0.0139596017787914,0,0.0832157621845385,0,0,0.00745628565661633,1.09090241606699
Meningiomas_TL-20-847CFA_20-01-036,0.0558843136757418,0,0.0133423206093767,0,0,0.268201491338041,0,0.0707187716733225,0,0,0.0144706812542276,0.0914912289936161,0.0318196659385416,0.0699402555186587,0,0.213249638277382,0,0,0.0667509477600236,0,0.0416810759863152,0.062449608974753,0,-0.00960798826853519,1.09153682179559
Meningiomas_TL-20-879184_20-01-002,0.0516237217206392,0,0.0106862881032624,0.0485792608077295,0,0.415774711275826,0,0.0136410289315493,0,0,0,0.140797930783849,0.0731506234295622,0.146869046108424,0.00441028952197125,0,0,0,0,0.0304305083087808,0,0.0640365910084063,0,-0.0242081863195229,1.13675999490517
Meningiomas_TL-20-9A6CA1_16-01-026,0.157793022120902,0,0.0313044241534154,0,0,0.388351944747708,0,0.0177633320460952,0,0,0,0.109929860553138,0.123940942139452,0,0,0.170916474239289,0,0,0,0,0,0,0,-0.0290254464709652,1.11275081753925
Meningiomas_TL-20-AA3A4B_20-01-040,0.128679446372334,0,0.0154557597719817,0,0,0.156520342644831,0,0.0824468333108856,0,0,0,0.120787572301352,0.0193458945952956,0.0336702880732099,0,0.302706530588919,0,0,0.0140953844463648,0.0976279671023831,0.0286639807924433,0,0,0.0100745538656306,1.09479352254999
Meningiomas_TL-20-C2F0C7_20-01-004,0,0,0.0130854373176505,0,0,0.14792720139499,0,0.055461104232157,0,0,0.00385131969642357,0.0476489341249142,0.232360770456286,0,0,0.354858503113349,0,0.00207333274540511,0.0990911768854026,0,0,0.0436422200334222,0,0.00193299082652869,1.10230808380538
Meningiomas_TL-20-C7C63B_19-01-023,0.0574670282616697,0,0,0.0103741299527804,0,0.105701838559207,0,0,0,0,0.00671058251086781,0.0204032407993978,0.130664800728384,0,0,0.443018281515529,0,0.000945448349250346,0.224714649322914,0,0,0,0,0.0655077969835639,1.0811263418778
Meningiomas_TL-20-CC2CC7_17-01-038,0.0274964743570637,0,0.00854565714932654,0.0110083673375659,0,0.24316229953182,0,0.0594346684806449,0.0046960962206057,0,0.0679870389890753,0.00896572520603019,0.163102123729351,0,0,0.339807177192759,0,0,0,0,0.0657943718057573,0,0,-0.0252808974028779,1.104482279465
Meningiomas_TL-20-CCC14C_20-01-014,0.0977154002501339,0,0.00366384754943814,0.0241294901470748,0,0.207824670649256,0,0,0,0,0,0.0392065258653613,0.0288395126817339,0,0,0.359475388252001,0,0,0.103994767010848,0,0,0.135150397594153,0,0.033103159781398,1.08215272393403
Meningiomas_TL-20-CE31C0_17-01-027,0.0469292053365817,0,0.00749029505418249,0.00162516033875209,0,0.3098268746239,0,0.013434527862474,0,0,0.023227193741382,0.0676737710111808,0.0694978624159304,0,0,0.328317720671857,0,5.43566048155062e-05,0.0800889060626362,0,0.0310425129449912,0.0207916133313166,0,-0.0097940953851505,1.09293661250744
Meningiomas_TL-20-DF4101_20-01-048,0.0522810099331113,0,0.0115481442106003,0.0204759105443415,0,0.164758726088053,0,0.0736538122501346,0,0,0,0.113054101289786,0.116292309732363,0,0,0.23013952963003,0,0.00740678841071079,0,0.157500679287671,0.00718115985926067,0.0457078287639377,0,0.027023450848627,1.0943010581793
Meningiomas_TL-20-EEA296_12-01-002,0.00377281619857873,0,0.0235009905403613,0,0,0.154021951287926,0,0,0.0487578936653763,0,0,0.0437666131353368,0.235244632342628,0,0,0.299751986442288,0,0,0.191183116387506,0,0,0,0,-0.0111353299998888,1.09942834408596
Meningiomas_TL-20-F1F639_19-01-091,0.149325992522411,0,0,0.00231129312438723,0,0.196374392789364,0,0.0504990396184296,0,0,0,0.0381491643932981,0.088081045317711,0,0,0.305350492112204,0,0,0,0.143742779870457,0,0.0261658002517373,0,-0.00872912746331996,1.09827571554208
Meningiomas_TL-21-100474_21-01-031,0,0.0686043453079091,0.0403112679045271,0,0,0.0673204297995793,0,0.0706307983180276,0,0,0,0.0572353357422955,0.121503840774293,0,0,0.415171740409596,0,0,0.139306088732262,0.00434052203627005,0,0.0155756309752401,0,0.0158208728853025,1.08672911654438
Meningiomas_TL-21-226625_17-01-041,0.0990014647052892,0,0.0203742241335926,0,0,0.244566541610667,0,0.075111012263614,0,0,0,0.111912934656232,0.0134769623239107,0,0,0.179193280613232,0,0,0.230753375802519,0.00982628280615899,0.0157839210847857,0,0,0.0262892436787271,1.08334960485431
Meningiomas_TL-21-6286BB_19-01-003,0.0459378537072292,0,0.00296411543499454,0.0405395670442865,0,0.258142677318288,0,0.0200018145657944,0.0043191817891981,0,0.0252127755999169,0.053630793915712,0.0696578073357347,0.0101424059480361,0,0.43648727245898,0,0.00294001353737072,0.0228347492133651,0,0.00718897213109402,0,0,-0.00595469426124894,1.10599692540197
Meningiomas_TL-21-6E26FB_21-01-039,0.0231223146941589,0,0.00895807648082709,0.00217211535231601,0,0.201370566867616,0,0.0130721207283526,0,0,0,0.102681364254961,0.0184618074841214,0,0,0.178510792225515,0,0,0.444697812051242,0,0,0.00695302986088957,0,0.183681777275489,1.04643604548259
Meningiomas_TL-21-7R7UZ9Z6_19-01-092,0.0672183292811718,0,0.023332963261834,0,0,0.237968787841011,0,0.0599109828039373,0,0,0,0.162710396567727,0.0534220412875954,0,0.00116653907700953,0.18221550305744,0,0,0,0.160144180508501,0.00416792607393082,0.0477423502398426,0,-0.00955302691523826,1.12336295522817
Meningiomas_TL-21-82MTXHJG_21-01-097,0,0,0.00383418401868884,0,0,0.161989099040499,0,0,0.00223022866919248,0,0,0.0528379930032338,0.144385789957347,0,0,0.320985201590733,0,0,0.284479483428058,0,0,0.0292580202922483,0,0.0843617170334043,1.06985226958502
Meningiomas_TL-21-886C12_18-01-016,0.00852212513291183,0,0.0102261447760171,0,0,0.174540887322508,0,0,0,0,0,0.0675115846957796,0.163316825796611,0,0,0.21928868112157,0,0,0.356593751154603,0,0,0,0,-0.000634600693461393,1.11312229068216
Meningiomas_TL-21-AF953C_21-01-038,0.0493883198877636,0,0.00952502008216008,0.0051411071085541,0,0.23125342043484,0,0.112173592375724,0,0,0.0332613472218946,0.0384786003825237,0.0324047594574231,0.152336010916852,0,0.329967376790613,0,0.00347094478338551,6.92583946145552e-05,0.0025302421636513,0,0,0,0.0229415331673779,1.09478999176209
Meningiomas_TL-21-D251AB_21-01-041,0,0,2.78822218107983e-05,0,0,0.153600446359658,0,0.078459087877192,0,0,0,0.114611416959318,0.268696056684461,0,0,0.195135142787504,0,0,0.121585958224548,0,0.0663393379737379,0.00154467091177071,0,0.0127405858452741,1.09133968647702
Meningiomas_TL-21-D5EEFE_21-01-021,0.110679690203167,0,0.0065166021540967,0.10660066872525,0,0.221343107025379,0,0.0160139223453247,0.0078313474865644,0,0.0144036960613102,0.113528714660032,0.122183836264854,0,0,0.25122600862805,0,0.000273374384800415,0,0,0.0129353139536624,0.0164637181075091,0,0.0192508962924286,1.09462308336199
Meningiomas_TL-21-J82KYWQQ_21-01-096,0.0344154097139057,0,0.00548560946567041,0,0,0.260725112894003,0,0,0,0,0,0.109203332924197,0.0477222499062372,0,0,0.372586675558166,0,0.00308351977029417,0,0.159052528178884,0.00167960873009812,0.00604595285854408,0,-0.00524533311090716,1.1198220388328
Meningiomas_TL-21-PAAN77KF_21-01-080,0.0583320827282943,0,0.0138741698782281,0.11301252416828,0,0.342753843816113,0,0.0262338636206211,0,0,0,0.0609350352847138,0.0684409262627246,0.0121390996897534,0,0.0977016284505744,0,0.00101637931093244,0.106492795589863,0.0222010722363812,0,0.0768665789635202,0,-0.000323229141096833,1.09959162295668
Meningiomas_TL-21-QGUU886F_21-01-044,0.0115092736329818,0,0.0150591956140156,0,0,0.385414734930451,0,0.0951072922319962,0,0,0,0,0.0624318381195564,0.0121290800756847,0,0.0813028387191522,0,0.00178616315015754,0,0.0878362490144929,0,0.247423334511512,0,0.0320082672938004,1.11375405177239
Meningiomas_TL-21-SEIANF5H_21-01-062,0.0257354879722735,0,0.00982601527649198,0.0407701004017578,0,0.12241772570041,0,0.0203983203334372,0,0,0,0.0566369103214699,0.0512992173358874,0,0.00457893704670384,0.403806400672055,0,0.000600610053808035,0,0.167287217292982,0,0.0966430575927233,0,0.0331463670095326,1.10502854837641
Meningiomas_TL-21-UFNU4MZ5_19-01-027,0.00391893554190923,0,0.0118387658020503,0,0,0.184727905051056,0,0.0127264501502979,0,0,0.00976989246612256,0.0306203658608112,0.0631776634676489,0.0900255188575946,0,0.206021603808422,0,0.0226425570405084,0.277796984597026,0,0,0.0867333573565532,0,0.000459750645001858,1.0986961635473
Meningiomas_TL-21-VZKP229D_21-01-085,0.0538887569682298,0,0.0168325232774214,0,0,0.242022665688017,0,0.0164835849896802,0,0,0,0.106014345417402,0.027975034889304,0,0,0.253778632227023,0,0,0.0594737534053567,0.110445986560012,0,0.113084716577553,0,-0.00785990137621965,1.10699316549465
Meningiomas_TL-22-TRTURG9V_21-01-093,0.0389004966895387,0,0,0,0,0.291606012640298,0,0.00329774065963656,0,0,0,0.0650557760148907,0.153636969956201,0,0,0.398317377546379,0,0,0.0147233250682061,0,0.0112557334534911,0.0232065679713593,0,0.00558828978171905,1.10205424701706
TL-20-6FBB8A_T,0.152738095364458,0,0,0,0,0.217520153334932,0,0.0908663497756914,0,0,0.0222927996314708,0.0311116859414205,0.0575615303577938,0,0,0.412105753409188,0,0,0,0.0135843776310151,0,0.00221925455402968,0,-0.0243475044072121,1.10667368729207
TL-20-9297DE_T,0,0,0,0,0,0.39421911362433,0,0.0120884691201025,0,0,0.0154160838009043,0.0513321637479292,0.0499167619481557,0,0,0.330928768730197,0,0,0.053987433569593,0,0.0605698888026713,0.0315413166561167,0,-0.0366761179888434,1.11186115230677
TL-20-D64814_T,0,0,0.00115637690508387,0,0,0.244795170192952,0,0.0277084143987598,0,0,0.0112787516482619,0.0314602052004068,0.128865096709961,0,0,0.471469310867565,0,0,0.0515959066340357,0,0.00968242718054919,0.021988340262425,0,-0.00901399760685818,1.11343094922133
TL-20-D64814_19-01-094,0.0767710882675557,0,0.00752396882246097,0,0,0.357347709636232,0,0,0.00302130432314694,0,0,0.122416495339718,0.0327315679494659,0,0,0.274910863728282,0,0,0.105132802748095,0,0,0.0201441991850429,0,-0.0362652842837828,1.11073884161923
TL-20-F1620C_T,0.0148666218880656,0,0.00138331261844226,0.015089382636217,0,0.160594903210786,0,0.0110439233994666,0.0130343922374899,0,0.04165594897692,0.0185561546152749,0.262678595423934,0,0,0.351556268521057,0,0,0.0817876023449845,0,0.0235437419963806,0.00420915213098233,0,0.0829995787678142,1.06704136876417
TL-21-3KM5UYM2_T,0.126580285373802,0,0.0128270718594374,0,0,0.300582725492716,0,0.0369367566770393,0,0,0,0.118475556848201,0.0293714251475046,0,0,0.207853306306007,0,0,0.167372872295292,0,0,0,0,-0.0230403849756453,1.10087766288326
TL-21-9U9XI8DU_T,0.0946440773989961,0,0.00247166162106719,0,0,0.156337230950807,0,0.0308396429625679,0.0370651266861662,0,0.00878706298626301,0.0422493269632101,0.0119333922451565,0.233433737976176,0,0.355818191562306,0,0,0.0229636668158347,0,0.00345688183144819,0,0,-0.00290315276037126,1.12004781398464
TL-21-ASV4EDRU_T,0,0.0200403307406154,0,0.0682807666445883,0,0.160964074213139,0,0.0392677434211622,0,0,0,0.0404341718728749,0.231857202774859,0,0,0.403797845558027,0,0,0.0343815229303625,0,0.000976341844372923,0,0,0.0119353098000006,1.10282423794353
TL-21-IS4U6B66_T,0.0818180740266183,0,0.00583340713792614,0.0183545861913991,0,0.231222564023712,0,0.0894020800756068,0,0,0,0.0909718498954237,0.023000472550492,0,0,0.246588572735392,0,0,0.114530791877579,0,0,0.0982776014858511,0,-0.0170157937253907,1.09455440729309
TL-21-QS6Z79AJ_T,0.0867146750657311,0,0,0,0,0.0892746135875726,0,0.0553845158458016,0,0,0.0114174443076114,0.0310322850633717,0.237957667718176,0,0,0.448966461810587,0,0,0.0290355138281414,0,0,0.0102168227730069,0,0.0316734551643167,1.10210606625
TL-21-UWM25FQN_T,0,0,0.0601349515508976,0.000453292287544309,0,0.313992048833209,0,0.04511878757095,0,0,0.0839245994475256,0.0496575621559943,0.075884083913808,0,0,0.370834674240071,0,0,0,0,0,0,0,-0.0318386408788134,1.11342966152939
TL-21-WEI4GQFR_T,0,0,0,0.00223695670482013,0,0.173903823947409,0,0.037097023299842,0,0,0,0.025614798757781,0.0138251146199779,0,0,0.293455321843875,0,0,0,0.194931382281485,0.0407806311313924,0.218154947413418,0,0.0258689970765041,1.12455478115952
TL-22-33UJH36N_T,0.0982768931264525,0,0.00896342951474604,0.0584446553026087,0,0.235014974908133,0,0,0,0,0.0392695719048855,0.0341287182905426,0.108069777203047,0,0.000126899608099248,0.366760365651218,0,0,0,0,0.0183453729715739,0.0325993415186934,0,-0.00103914807978055,1.09640703712065
TL-22-C5K6B3AB_T,0,0,0.0217781665557682,0.0619094117631254,0,0.256880464347386,0,0.0940989653096978,0,0,0.121504678656176,0.0323521431808945,0.146475537629785,0.00655794374514613,0,0.21037434569705,0,0,0.047496670086163,0,6.09521807601651e-06,0.000565577810731838,0,-0.0267998670003853,1.11039994275328
TL-22-CB84BRZM_T,0.0200288563304683,0,0.0165339558088116,0.0919407168618253,0,0.333439118689499,0,0.051241809160517,0.0127979762776198,0,0.00468328973825911,0.0883855719137055,0.0694087249490926,0.25052302374238,0,0.000914749134675872,0,0.00756938549262439,0.0431469662369789,0,0.00938585566354295,0,0,-0.0194064983422523,1.12332814051851
TL-22-EGKEXF5K_T,0.0605351263339877,0,0,0.0163490412646786,0.0200825968286529,0.277638848666152,0,0,0,0,0,0.0422876312848483,0.126751144694127,0,0,0.301910908291906,0,0,0,0.0510236649084909,0.0353133978065452,0.0681076399206118,0,-0.0169173162018413,1.10225284333483
TL-22-JP4TWDHG_T,0.0617938182126226,0,0.00634788416760293,0,0,0.294203760004478,0,0.0131199145876675,0.0189950271729893,0,0.0238854417295723,0.0452831371557176,0.0449439126238658,0,0,0.243542694935616,0,0,0.145264720570168,0,0.0275687232586019,0.0750509655810987,0,-0.0113601796408054,1.08748746973229
TL-22-JS7ZS84K_T,0.0815307038400678,0,0.00847997817144188,0,0,0.157836693242206,0,0.0276387044149597,0,0,0,0.12206612607847,0.071801069089674,0,0,0.218585892999172,0,0,0.237396097688143,0,0,0.0746647344758663,0,0.0104772008684238,1.0899425007362
TL-22-R7P3JYSC_T,0,0,0,0.0722166813985711,0,0.154783183589193,0,0.0402854974376121,0,0,0.0539012628441431,0,0.220908966200586,0,0,0.378332175099507,0,0.00235325730525971,0.0474497557500857,0,0.000825390927712322,0.0289438294473303,0,0.0144534289166489,1.09884395220563
TL-22-Y6ZZUT9W_T,0.107695757783174,0,0.0101592004368318,0,0,0.261515343768927,0,0.0821811555958143,0,0,0,0.104715663939397,0.0339016902923364,0,0,0.366235736215591,0,0,0.0335954519679291,0,0,0,0,-0.0233447945423238,1.10661585663243
TL-22-ZY9TXMGW_T,0.036882010740917,0,0,0,0,0.137904633338808,0,0.026715286113485,0,0,0,0.0599957558476931,0.189191302844876,0,0,0.213420887181654,0,0,0.0555840448796801,0.0534234463156322,0.162282213693395,0.0646004190438601,0,-0.00917036622751753,1.10398196706471
14-01-005R,0.0259149587278693,0,0,0,0,0.103471549641357,0,0.0234551696095151,0,0,0,0.0667190781729758,0.263309847253565,0,0,0.388676576787684,0,0.0019135734300287,0,0.112988682576839,0,0.0135505638001661,0,0.0684752334056084,1.09265129238788
15-01-015-R3,0,0,0,0.0864394978560757,0,0.112712371239087,0,0.0248240302811345,0.0172607353947773,0,0,0.0869391117613514,0.209364077452387,0,0.000999071878903517,0.452545614092549,0,0,0,0,0,0.00891549004373435,0,0.0872798063146307,1.08147180072846
15-01-018-R3,0.00188475459474426,0.00333466772293015,0.00173600740751935,0.090252586768843,0,0.350337802678959,0,0.00420534038505934,0.0106439053799286,0,0,0.0579133965599522,0.069502540244582,0,0.00532075618408187,0.292718285015731,0.00143705480510219,0,0.109304372968867,0,0.000246805428800272,0.00116172385489941,0,0.113068312718825,1.04958033365659
15-01-035R,0,0,0.000454601633544067,0.0843152628464895,0,0.289685627295482,0,0.0558808060798461,0,0,0.00214720324020453,0.0743476509920944,0.069083954375902,0,0,0.249635681636554,0,0.00826379306514502,0.158636870582268,0,0.00339501809080767,0.00415353016166208,0,0.00832835750070775,1.09109182970547
16-01-003R,0.0412780821575362,0,0,0.0793807810790505,0,0.145798144465112,0,0,0,0,0.0060451035045317,0.0809552358087693,0.213578301039051,0,0.000802156636524796,0.377688559054052,0,0.00454710041481999,0.0317224833638012,0,0.0182040524767511,0,0,0.194443567952863,1.01885766386893
16-01-014R,0.0497580536342418,0,0.000463115623388972,0,0,0.192538164677869,0,0.0231893080302014,0.0242774648453381,0,0,0.0938038788407275,0.13282399986383,0,0.00122685132176404,0.426838186358843,0,0.00455745657630416,0.0407191306168907,0,0,0.00980438961060245,0,0.0956717922073508,1.06213968607605
16-01-031-R1,0.0776408295491548,0,0,0.0363187047274884,0,0.253390988793177,0,0,0,0,0.0211231917354341,0.0549076943280654,0.149977932931911,0,0,0.397544941403054,0,0.00909571653171543,0,0,0,0,0,0.0489097776713839,1.08177766462649
Meningiomas_TL-21-275A8F_16-01-031,0.033295996179236,0,0.00718591841349597,0.0504742614759942,0,0.188075330485382,0,0.0822094433885237,0.00578925277833148,0,0,0.116625177491034,0.057029888853209,0,0,0.317101633417454,0,0.00350936886186501,0,0.0274382582400536,0.0134690466480389,0.0977964237673822,0,0.0164866645452486,1.09739995091604
16-01-040R,6.75158763985605e-05,0.00205666393528664,0.00288879232102165,0.0344422415642926,0,0.364459260666679,0,0.0674747242067759,0,0,0,0.0983982919563735,0.0817030968738011,0,0.00490577462475982,0.240004428892104,0,0,0.0524631239769025,0,0,0.0511360851056044,0,0.0485878735657332,1.08205845429474
16-01-045-R2,0.0330119114401987,0,0,0.0641341427515496,0,0.0994256749518911,0,0,0.0190372915044012,0,0,0.0407655940019531,0.272096220276168,0,0,0.435113733417332,0,0,0.0364154316565055,0,0,0,0,0.269460409010814,0.990702784437094
16-01-047-R1,0.0130680652615882,0,0,0.0358517171035245,0,0.104139424935905,0,0.00227928607744455,0.0167973106865595,0,0,0.0489279601002351,0.164726865354007,0,0.000315862981336357,0.545600111948458,0,0.00159724111685749,0.0595744727771858,0,0,0.00712168165689878,0,0.247214674821694,1.00653183102327
16-01-049-R1,0,0,0.00261399503339566,0.0309371915359347,0,0.457760008162918,0,0.0274364179937713,0.00645030917503709,0,0,0.0897383176425573,0.0881087634299277,0,0,0.224291165242382,0,0.00787168023244899,0.0610842949486973,0,0.00275314364385051,0.000954712959079757,0,0.0437339427840293,1.08917822586479
16-01-050-R1,0.0472837732825376,0,0,0.00771347363855368,0,0.115730564119621,0,0.0231849683338776,0.00545585936485041,0,0,0.0605343583302712,0.178796871301446,0,0.0186003793032912,0.460552446734701,0,0,0.0601307742373094,0,0,0.0220165313535415,0,0.179365789711609,1.03000020303042
17-01-005R,0.0615320553313024,0,0,0.128892952999023,0,0.0969012842898445,0,0.0235454933244016,0.0189348812061697,0,0,0.0573342413395111,0.110960872011855,0,0,0.466061068755016,0,0.00205780587656565,0.0269034230335301,0,0,0.00687592183277986,0,0.138306131517382,1.04572817224151
17-01-008-R1,0.0314716389764566,0,0,0.0407145057470554,0,0.102369746173516,0,0,0,0,0,0.0511990164373739,0.159432950400493,0,0.00225376366971325,0.521913042589957,0,0.00278816623600817,0.0690746391167458,0,0,0.0187825306526815,0,0.210922762512065,1.02171293717759
17-01-010-R1,0.0146159075544124,0,0.00811647873726276,0.0847218216946986,0,0.195379813726784,0,0.0118632301770354,0,0,0,0.0727381579237398,0.187763493398317,0,0,0.408507369103619,0,0.00610256602785555,0.00593943262005177,0,0,0.00425172903622308,0,0.0361281905902804,1.09377186508717
17-01-011-R1,0.0134177394916112,0,0.00070384507649631,0.0114385331382059,0,0.201047857139577,0,0.0204412950260735,0,0,0.00662033723863051,0.0590219958096582,0.139227140998719,0,0,0.444081496752764,0,0.00221630887381289,0.0801698694176178,0,0,0.0216135810368343,0,0.0679026619845907,1.07559122652255
17-01-012-R1,0.0376752387381926,0,0,0.0682450112189169,0,0.187038445562,0,0,0,0,0,0.0390009494505305,0.147681902853809,0,0.0229483879939985,0.431681347222009,0,0,0.0657287169605434,0,0,0,0,0.22895983357776,1.00027062301951
17-01-017-R1,0.0477089759615637,0,0.000827527974472219,0,0,0.158383411107742,0,0,0,0,0,0.0702834221869813,0.216556621825788,0,0,0.420766569298787,0,0,0,0.0602713195137545,0,0.0252021521309119,0,0.140552800910361,1.05260020465043
17-01-018-R1,0.0622979490203401,0,0,0.0202776053261357,0,0.0986164306421928,0,0.00290690375226153,0,0,0,0.0521404698909968,0.102182930165558,0,0,0.527367315110579,0,0.0131214057519882,0,0.0888642544704096,0,0.0322247358695382,0,0.125993358177796,1.06665918289932
17-01-019-R1,0.0951407199529259,0,0,0.0739172247095252,0,0.1168314613658,0,0.00421616503413595,0,0,0,0.0811531907091148,0.141930734313288,0,0.00254460874709923,0.372886436821395,0,0.0030074510280148,0.0523260378563256,0,0,0.056045969462376,0,0.0843987697610698,1.06350396101204
17-01-021R,0.0122090696018085,0,0.00169656649215402,0.0344777145618136,0,0.093509087721492,0,0.0174771688891469,0.013807484716843,0,0.0166630290740178,0.0360266383592008,0.117074903471239,0,0.00252895040987575,0.608717641314529,0,0,0.0393190372464822,0,0,0.00649270814139691,0,0.187077279859566,1.04357876384949
17-01-023R,0,0,0,0.162277981603952,0,0.185289910154683,0,0,0.00284973751156068,0,0,0.0775838549719815,0.197375048520345,0,0.00142591417772332,0.363785024965062,0,0,0.00941252809469269,0,0,0,0,0.224986568326386,1.00846770871833
17-01-029R,0.00134093474842945,0,0.00532343914275583,0,0,0.232843176894829,0,0.0316085627714131,0.0262456098788828,0,0,0.0992696853213608,0.0291976696773195,0.0842206264866529,6.88582212285883e-08,0.459408947479478,0,0.00430401904669276,0.0139629452143266,0,0,0.0122743144796382,0,0.198284605510673,1.02598794832598
17-01-034R,0,0.00333143602670106,0.00213194662203758,0,0,0.323977469002787,0,0.0483478280069918,0.0411748255946273,0,0,0.0744516799781707,0.118515067628299,0,0,0.247425343367689,0,0.00716772977563111,0.127950993011066,0,0.00552568098599939,0,0,0.0677699510243228,1.06228646613462
18-01-008R,0.0345347696756058,0,0.000473548490857048,0.0263180518513528,0,0.117941983015132,0,0.0154544633704082,0.0158059202980617,0,0.01468221527382,0.0350466699084186,0.240933016639149,0,0.0103687826038037,0.460086674873589,0,0.00699326855775751,0.0152993871458729,0,0,0.00606124829617246,0,0.162186685574712,1.04412312465147
18-01-013R,0.000179556707353037,0.00049137531712694,0.00254532763850476,0.0860310924814484,0,0.294164767988048,0,0.032126364043641,0.0472735813377527,0,0,0.0734959219513604,0.169759508235513,0,0.00515991695598031,0.177515649732938,0,0,0.10827556955289,0,0.00298136805744291,0,0,0.0419829096356155,1.07776206281407
18-01-038R,0,0.0047364084156272,0,0.0523052088433657,0,0.0846405453691618,0,0.0105458276747142,0.0180110331481788,0,0,0.0622178272868917,0.186948608642425,0,0,0.497751524484854,0,0.00356961483329901,0.0792734013014821,0,0,0,0,0.124016365112854,1.06228577490393
18-01-040R,0.028793963735425,0,0,0,0,0.17994771473332,0,0.0225101551834447,0.0120945903674376,0,0.00948096899778704,0.0962610895516086,0.183198618070855,0,0,0.413200096919336,0,0.00976176198783041,0.0173591166274019,0,0,0.0273919238255545,0,0.0287978910741048,1.0982356572061
18-01-041R,0.0364121683084713,0,0,0.0658142423423251,0,0.0960585558839276,0,0.00506885691361078,0.0015104756272644,0,0.0243155631481479,0.0165542728236227,0.215117368345495,0,0,0.497716233263451,0,0.000721572721610281,0,0.0276665015409194,0,0.0130441890811542,0,0.169549932377942,1.04505680358379
18-01-045R,0.0176589246148284,0,0,0.0541001705240661,0,0.118023318817753,0,0.00581715392392529,0,0,0.0291221260391017,0.0434634149408064,0.311057338442474,0,0,0.359352069073061,0,0.00975120124306347,0.0250813578537963,0,0,0.0265729245271239,0,0.0853656873438576,1.07997451027792
DCC027R,6.59669639534162e-05,0.00247088151960736,0.00339915788825651,0.0631019151082763,0,0.236672511217131,0,0.0310238685999864,0.0160298995812745,0,0.0093911268552009,0.0554038304123332,0.202163682461134,0,0.00233681322774959,0.291916717696059,0,0,0.0721714302102087,0,0,0.0138521982588291,0,0.187570516110275,1.01515574613215
DCC09R,0.0538401158429025,0,0,0.0502839344551279,0,0.139837217153813,0,0.00338306915511591,0.004486752787585,0,0,0.058024558502849,0.214553782766802,0,0,0.455087556567159,0,0.00560491622073063,0.00824090790597102,0,0.00609217449909856,0.000565014142845821,0,0.14332867071386,1.05032795091389
DCC10R,0,0,0.00201609925234224,0.0889667650999357,0,0.177325104400914,0,0,0.00112718597068509,0,0,0.0388914167999582,0.181201920463704,0,0.0111677366385512,0.406742001396036,0,0,0.0511923240617572,0,0,0.0413694459161163,0,0.223599336335578,1.00625574717498
DCC18R,0.048283476971129,0,0,0.00233377599325399,0,0.169582340396825,0,0,0,0,0.0130746203386006,0.0556797977828955,0.100420331528685,0,0,0.489778442842175,0,0,0.0979876762240207,0,0,0.0228595379224151,0,0.13797981939803,1.04714515884728
DCC19R,0.066332255006981,0,0,0.0131803991649467,0,0.16205068368244,0,0,0.000778785491163192,0,0,0.0598672533769128,0.140050727725935,0,0.000657654981581614,0.466951619847704,0,0.000855578470200279,0.0771911781177654,0,0,0.0120838641343691,0,0.15077245475646,1.04003512421381
DCC22R,0.0351207930066334,0,0.000714776642186421,0.0378120556019856,0,0.174023914591607,0,0.00427260963757009,0,0,0,0.101350790776459,0.103417980545397,0,0.00245913377440799,0.465181865123009,0,0,0,0.0498291957944937,0,0.0258168845062501,0,0.162796956415932,1.04126079922288
DCC31R,0.0638892997431179,0,0,0.0794072740727342,0,0.135558523752379,0,0,0.0179770830011807,0,0,0.0157548172224463,0.286145235566773,0,0.0042236307670387,0.359138397604067,0,0,0.0294401910494237,0,0,0.00846554722083888,0,0.218747020929492,1.0096344852267
DCC36R,0.0353670126876017,0,0.000669932299796834,0.0175862660510589,0,0.204099283728356,0,0.0348027570052989,0.0142774104959472,0,0,0.0741881768387331,0.253907870945042,0,0,0.302311755706948,0,0,0,0.0478162097388907,0,0.0149733245023272,0,0.0533678319569011,1.08085115815765
DCC48R,0.0396432336585315,0,0.0382539212524253,0.0915521772495147,0,0.0684242732460371,0,0.0336333686043327,0.0125976952620419,0,0,0.0473261096905432,0.195928425843189,0,0,0.387554528473805,0,0.00663458792413672,0.0784516787954429,0,0,0,0,0.00841333956949505,1.09080266495785
DCC53R,0.086085834001765,0,0.000515613593916115,0.00382560404707561,0,0.127878477622859,0,0.00727834823002473,0,0,0,0.0714746569886454,0.176636279850444,0,0,0.392640274351015,0,0.00103028652168847,0,0.106566165277241,0,0.0260684595153263,0,0.123163365689685,1.05650705002985
Meningiomas_TL-19-063174_19-01-061,0,0,0.00612431690842544,0.0120183863254429,0,0.263108731837619,0,0.0280700615319845,0.00368396767322001,0,0.0314294209120522,0.0250914773317796,0.250259306477741,0,0,0.289619097319519,0,0.000915300133563738,0,0.0348784331828087,0.0204131819309762,0.0343883184348672,0,0.05430914984905,1.07968488032279
Meningiomas_TL-19-86E286_19-01-026,0.00666286844355956,0,0.0039079282673009,0,0,0.334366725221933,0,0.0437911191674723,0.0179394662158902,0,0.015269661358903,0.0818260428262962,0.0693580383329896,0,0.0122767057057579,0.323767895909869,0,0,0.0825234233191777,0,0,0.00831012523085037,0,0.0568067590933393,1.07170366230865
Meningiomas_TL-19-89E734_19-01-049,0,0,0.00725855513817667,0,0,0.463316141783017,0,0.035741995912886,0,0,0,0.0683467578460358,0.128828360628573,0,0.00285613545128899,0.224088755117349,0,0,0.0623888214400224,0,0,0.00717447668265106,0,0.0464120466229678,1.08169761298625
Meningiomas_TL-19-9EAF4C_19-01-032,0.00615419887551724,0,0.00224479723286114,0.0103280512575407,0,0.0836425557646019,0,0.0123560691714299,0,0,0.0631147607202158,0,0.383569793270955,0,0.000210419883545427,0.382813643199788,0,0,0,0.045893282172758,0,0.00967242845078659,0,0.133943119786711,1.07285890198898
Meningiomas_TL-19-A70579_15-01-037,0,0,0.00795064154856228,0.0194150688942144,0,0.159222739176729,0,0.0148640154681845,0.0107182167299087,0,0.0579320875774121,0.000307966979879944,0.270120869901009,0,0,0.416178305822638,0,0.000574367013740742,0.0214595272068442,0,0.0131159863540789,0.00814020732679775,0,0.132761843047724,1.05587781914471
Meningiomas_TL-19-E60840_19-01-057,0.0469883871238446,0,0.00513999919492189,0,0,0.34021212453389,0,0.0389110047143562,0.0176348385719832,0,0,0.0497037919052909,0.149086190047187,0,0.000514372385768891,0.266021431585504,0,0.00304280322742411,0.0706849559576861,0,0,0.0120601007521428,0,0.0796552674199606,1.05639752871267
Meningiomas_TL-20-12CFF3_20-01-069,0.0204291840994787,0,0.00547783109041949,0,0,0.221132695192865,0,0.0143103673976003,0.0204632008734787,0,0.0692366073674995,0.016985715673774,0.149099773654202,0,0,0.388965063360286,0,0,0.0238942926314554,0,0.0117166990308503,0.0582885696280909,0,0.0519619087241875,1.08009033887288
Meningiomas_TL-20-25B125_20-01-020,0.0398427214286603,0,0.00171476921594804,0,0,0.239388909941172,0,0.0112408836953059,0.0270882962596868,0,0,0.076420831159412,0.147796764980243,0,0,0.355902927681588,0,0.00334031684187094,0,0.0693004564733409,0,0.0279631223227717,0,0.00922856582338392,1.09729351856292
Meningiomas_TL-20-525BA1_19-01-063,0.0411805231300675,0,0.00109247611523216,0.00763614017694867,0,0.120606024233919,0,0.0224044135108665,0.00314716110650877,0,0.0692069418772865,0,0.297635657320192,0,0,0.40083219098542,0,0.00126741377136189,0,0.0239454782540938,0,0.011045579518103,0,0.136036119751741,1.05679915592189
Meningiomas_TL-20-A3D25D_20-01-050,0.0981477007140714,0,0,0.0566748459827793,0,0.181574607944295,0,0.0126640582505562,0.00860229325116052,0,0.0673813223298203,0,0.121751204863636,0,0.00440516492569389,0.385977703614775,0,0.00011527864555191,0,0,0,0.0627058194776603,0,0.0300210848657286,1.08716136403354
Meningiomas_TL-20-CB5645_20-01-039,0.0127751343910649,0,0.000580084798399962,0.0366567734502302,0,0.163112456677025,0,0.00848407429567309,0,0,0.0423879768956081,0.0177556113481392,0.191645356375478,0,0,0.389278800565019,0,0,0.0152640658721644,0,0.0709916199963631,0.0510680453348347,0,0.0735368395659802,1.07663457861652
Meningiomas_TL-20-E72604_19-01-051,0.00289905634593176,0,0,0.000579428643422826,0,0.123345419988054,0,0.0717853053976924,0,0,0,0.0685697927308198,0.301279491210314,0,0,0.341690694844075,0,0.000660978300705406,0,0.0721667077027071,0.0143355465407205,0.00268757829555699,0,0.0644511632834217,1.08727426103049
Meningiomas_TL-20-EAED2D_20-01-006,0,0,0.00281769447872676,0,0,0.367477479611746,0,0.0721353491868915,0.0183562784545159,0,0.036290919003521,0.067180961979455,0.0935876709812898,0,0,0.258002307988798,0,0,0.0810386364965696,0,0.00311270181848568,0,0,-0.00462326783205579,1.09953834202223
Meningiomas_TL-20-F1620C_20-01-027,0.0466156392170491,0,0.000530747645836329,0.0112058012548812,0,0.126922222816855,0,0,0.00951184466123569,0,0.039444050179169,0.00467250327376846,0.230936493369253,0,0,0.466342364254724,0,0,0.0638183333272288,0,0,0,0,0.10537470586877,1.06871533934032
TL-20-F1620C_20-01-027,0.0163743105630211,0,0.00106452269006083,0.0143471960805083,0,0.160461778135366,0,0.0111557183550412,0.0129028077739449,0,0.0402121304383584,0.0208185552932848,0.262221790848169,0,0,0.350728238032709,0,0,0.0826310227316093,0,0.0232497199794736,0.00383220907845319,0,0.0837141987356962,1.06654641383253
Meningiomas_TL-21-2593D4_21-01-015,0.0309888985375208,0,0,0.0123271868784568,0,0.132687710993158,0,0.0395965927543512,0,0,0,0.0601267100375208,0.277852442701199,0,0,0.291006273536694,0,0.00332023621084371,0,0.133630558213257,0,0.0184633901369992,0,0.124261240437981,1.05719842225506
Meningiomas_TL-21-40A829_20-01-018,0.0776797944117713,0,0.0105242511519492,0.00466114066338418,0,0.193487663813547,0,0.0122848300244662,0.0204539594353693,0,0.0570199396204562,0.0121858645250979,0.12821698794259,0,0,0.401351833199765,0,0.000285903833347136,0.0013068934904135,0,0.026239368810859,0.0543015690769837,0,0.0227169362944394,1.09012857409006
Meningiomas_TL-21-43DC32_21-01-007,0.0342712067036171,0,0,0,0,0.10037490866104,0,0.0582819133171078,0,0,0,0.0516037529761222,0.252274669816419,0,0,0.378225718068748,0,0.00111394161931018,0,0.0449473607654081,0,0.0789065280722273,0,0.088650175430248,1.08114586681461
Meningiomas_TL-21-54A643_20-01-072,0.0748375726053619,0,4.33939648220879e-05,0.048855630895654,0,0.141036774371252,0,0.0618080718079256,0,0,0.0537720845195866,0.0202842039751574,0.315621071676832,0,0,0.25778257532803,0,0.000230818532892216,0.0199484048586015,0,0,0.00577939746388428,0,0.051626953391878,1.0795552248106
Meningiomas_TL-21-69E2AA_21-01-019,0.0303303445260559,0,0.0028798587942479,0.0577949395673839,0,0.103703342376828,0,0.0257012414212026,0,0,0,0.100449340163251,0.0833966390349721,0,0,0.401203431693879,0,0,0,0.111406808535811,0.0306206081938882,0.05251344569248,0,0.0323411115537665,1.09986558596874
Meningiomas_TL-21-6H3VUZ9N_21-01-065,0.0538603523009483,0,0,0.00763120264276711,0,0.169324926656214,0,0,0,0,0.0698249739924712,0.00223280157681226,0.220007128859734,0,0,0.390323681270003,0,0.00131751759620212,0.0132939984986651,0,0.0204522016372838,0.0517312149688989,0,0.0448636502031194,1.09073514372604
Meningiomas_TL-21-84U67PPG_16-01-004,0.0504703074442208,0,0.000814003571924096,0.0721743648251463,0,0.0822030914313894,0,0.0367476118931784,0,0,0.0374699541582173,0,0.205708265740673,0,0,0.506601191284417,0,0,0.00781120965083369,0,0,0,0,0.151885989488132,1.05114106597337
Meningiomas_TL-21-8B34V6VF_21-01-046,0.0530973394915788,0,0.00966917514219336,0.0394464425940277,0,0.0769504076683131,0,0.00883626046029566,0,0,0,0.0528396061029368,0.0729988989447808,0,0.00339811955112287,0.423450936671816,0,0.00160490197584587,0,0.17790550831466,0.00701564323347949,0.0727867598489501,0,0.0803616753549138,1.08685381301013
Meningiomas_TL-21-9235BA_20-01-059,0.00676565685551066,0,0,0.0477028347221871,0,0.0965639915149694,0,0.0588439443874224,0,0,0,0.0264687507211633,0.256614585826869,0,0.00401817528240846,0.475500437110526,0,0,0,0,0,0.0275216235789437,0,0.148449811464811,1.05899599249144
Meningiomas_TL-21-A77C12_21-01-018,0.0617574783514538,0,0,0,0,0.18966598107474,0,0.00890647679099638,0.0115582810600111,0,0.115809943444349,0,0.163009721778879,0,0,0.355327280038012,0,0,0,0.0104880775662734,0.00274309355862362,0.0807336663366635,0,0.0273107997130438,1.09269979190964
Meningiomas_TL-21-C6QC9A3Q_18-01-054,0.0539262797890014,0,0.00295465619007132,0.0388881232401467,0,0.166088314521431,0,0.0125366127459819,0,0,0,0.113648165977943,0.0752136290572207,0,0,0.318499893918169,0,0.00531611104255642,0.147925162657324,0.0357837102441005,0,0.0292193406160552,0,0.0347483628246701,1.08202234613322
Meningiomas_TL-21-ECB630_21-01-010,0.0266093108106785,0,0.0020753931873044,0.0409627740943742,0,0.142140726659675,0,0.0066274892821661,0.00900709955271076,0,0.0250708796353694,0.0287897938274531,0.185262424621829,0,0,0.501226219076486,0,0,0,0,0,0.0322278892519534,0,0.136528432266888,1.06023804411679
Meningiomas_TL-21-F19F71_21-01-016,0.0892949193713212,0,0.0819597337024,0,0,0.328433698690499,0,0.0581583143389572,0.00283632117558616,0,0,0,0.142553696374883,0,0.00238672689088532,0.223925228296845,0,0.00375785808012222,0.0180643249049458,0,0.0323662677303212,0.0162629104432336,0,0.092238453585137,1.04337709419179
Meningiomas_TL-21-H97KQ8G6_21-01-048,0.0288056713317217,0,0.00132435255370225,0.0321844728830089,0,0.1729084833174,0,0.0177101419959965,0.0227287711908091,0,0.0716855427080115,0.00663241753526668,0.182352323585869,0,0,0.362582613562166,0,0,0.0317246135311727,0,0.00898403639433325,0.0603765594105429,0,0.0641783429273161,1.0742064181231
Meningiomas_TL-21-JIYRDM38_21-01-063,0.0156186434191273,0,0,0,0,0.18146496617956,0,0.00490801909913298,0,0,0.0496333122566974,0.0166925307410645,0.215542240564644,0,0,0.437637775569266,0,9.15346262289217e-05,0.0555643276229415,0,0.0228466499213382,0,0,0.0583452182065495,1.08469141495278
Meningiomas_TL-21-M8XZB6JT_21-01-082,0,0,0,0,0,0.127340822886383,0,0.0433326559727656,0,0,0,0.103903243516863,0.232469340407185,0,0,0.277824661285055,0,0.00240042899426276,0,0.173830408816774,0.0123251691077493,0.0265732690129636,0,0.0330840915634936,1.10860738825067
Meningiomas_TL-21-Q92RYHD7_21-01-095,0.0387486498027787,0,0,0,0,0.216636423711129,0,0.00110089250594634,0.0235584188781679,0,0.0451256785728048,0.0349089734251751,0.175524408125654,0,0,0.410886071533494,0,0,0,0,0,0.0535104834448511,0,-0.00465140048778593,1.11239554675082
Meningiomas_TL-21-VWSV4KAI_21-01-083,0.0278735289261289,0,0,0.0290400584098873,0,0.0774537920579023,0,0.0612403929264579,0,0,0,0.0218246587536692,0.3484804447024,0,0.0134518076057922,0.3441857733787,0,0,0.00544377253855025,0.0146693615675201,0.0563364091329917,0,0,0.082902409416924,1.08260896192043
TL-21-6KUCZZKA_T,0.021921365961888,0,0.00020505094589776,0.0144113346174206,0,0.16121324954243,0,0.00394455953927992,0,0,0.0232530644932998,0.0376288926939398,0.299529768985406,0,0,0.339691141966329,0,0.00616014784445326,0,0.0360426091454301,0.0279538985634443,0.0280449157007822,0,0.0153022863981899,1.10899592249185
TL-22-5HV5N89S_T,0.018639523582759,0,0,0,0,0.183358891333686,0,0.0339695115730947,0,0,0.050109706996546,0.0298939633744263,0.206517493875363,0,0,0.377206805905866,0,0,0.0710290652561414,0,0.0283595868656032,0.000915451236515127,0,0.0744109559793513,1.06747750474341
TL-22-76RTP8PX_T,0.0690602277866934,0,0.00288036471303556,0.0505012252595475,0,0.177118636845187,0,0.0157892757506716,0.0185650876883159,0,0.042921535410639,0.0301452885253854,0.187103594966946,0,0,0.327218257246183,0,0,0.0528492028382816,0,0.0163618970564489,0.00948540591266506,0,0.064135324987384,1.06458245503787
TL-22-S4GIR43Z_T,0,0.00953987796341333,0.00325463490091899,0,0,0.423550109420279,0,0.0312878106829464,0.0436755933193242,0,0.0301455116948496,0,0.128138180958928,0,0.00251294951654976,0.278795688719144,0,0,0.0448156700804854,0,0.000216771496299596,0.00406720124686218,0,0.0116836485669107,1.09296982814523
13-25686-20CR_DCC04R,0.0449575159832738,0,0.0127452691117738,0.0132524118681235,0,0.144747487544796,0,0.0330895241932367,0,0,0,0.099857026773677,0.0832466678959827,0,0,0.392043780184722,0,0.00814821668312803,0,0.149231657264881,0.000957798357300756,0.0177226441391053,0,0.0203266936204635,1.10474922430677
14-01-002R,0.00572953170303702,0,1.61173736137351e-05,0.0582379294437118,0,0.150162269342661,0,0,0,0,0,0.0665240685362914,0.054099211851737,0,0.00399836521550147,0.588523661772107,0,0.0041760108840175,0.0635959648254522,0,0,0.00493686905187021,0,0.18292314183955,1.0392754447759
15-01-017-R3,0.100266408473154,0,0.00151098229070896,0.0646197290747026,0,0.32730023052408,0,0.00164409506028538,0.0294492835008646,0,0.00771478030261988,0.0337812784740296,0.0648707129825072,0,0,0.236509573107442,0,0.0125383380885987,0.119794588121007,0,0,0,0,-0.0024553779275408,1.08699039730022
16-01-002R,0,0,0,0.143619121298907,0,0.0598982655540089,0,0,0,0.0622157779975967,0,0.0967182846877124,0.089252730386153,0,0.00972699193164625,0.294212384078719,0,0.0872617196875415,0.146376947430016,0,0,0.0107177769476983,0,0.103136174825046,1.05496433805501
16-01-028-R2,0,0,0.00100791028096834,0.0831963668526318,0,0.221112952596138,0,0.00890629915170775,0.0152198595389072,0,0,0.0979052745204284,0.0708183613328468,0.0394075879558815,0,0.182344484927711,0,0,0.268189104877226,0,0.0118917979655528,0,0,-0.0252306880599752,1.11171262132909
16-01-029R,0.00843272070208399,0,0.00108623062908549,0.0528160586450031,0,0.120386151979174,0,0,0,0,0,0.0764481415379858,0.104878120231385,0,0,0.549848822322159,0,0.00813403476723074,0,0.034283540697257,0,0.0436861784886349,0,0.286433169981799,0.988167633000915
16-01-030R,0.106198694332166,0,0.0610804725207222,0.0338050901720928,0,0.254387547606244,0,0,0,0,0,0.123365238282108,0.174153638597234,0,0,0.243065623804608,0,0.00394369468482364,0,0,0,0,0,-0.0322446828665471,1.10644252529311
16-01-033-R1,0.000170257751624985,0,0.013540710642378,0.0839164662196958,0.014486295947712,0.130931824408212,0,0,0,0,0.0137945869870308,0.0411361066221431,0.0898251647246008,0,0,0.363789150145955,0,0.0166713723467521,0.216351772636119,0,0,0.0153862915677758,0,-0.024264897608476,1.10444283009207
17-01-001R,0.000555621960090349,0,0.00185914841944268,0.0396874007401515,0,0.195940398547223,0,0.00456529740268663,0,0,0,0.0478886296270765,0.0374793101866773,0,0,0.586577871373344,0,0.00422404846555095,0.061125724395917,0,0,0.0200965488818397,0,0.305640401598093,0.974928111509304
17-01-009R,0.117678235657703,0,0,0.159450388818732,0,0.146845992418506,0,0.0115358724781712,0,0,0,0.0250829130031717,0.138493790646288,0,0.00208303815778287,0.264010447630527,0,0,0.133540499919106,0,0,0.00127882127001272,0,0.0312953430808696,1.0708806281761
17-01-013-R1,0.0518565982068974,0,0,0.0666092092110191,0,0.114978429644612,0,0,0,0,0,0.0247303103619826,0.269097837406068,0,0.0266579186544323,0.419550990344311,0,0,0.0265187061706773,0,0,0,0,0.171929597422016,1.03649601662172
17-01-026R,0,0.00797357379760478,0.000624428518811361,0.039310765094262,0,0.260570422513917,0,0.0599122586264461,0.0375221938898856,0,0.0176866705944252,0.0550512527745908,0.0472816686753078,0.270374525000493,0,0.180640926397094,0,0.0176819745821926,0.00536933953497026,0,0,0,0,0.0734696641215157,1.08253902558784
17-01-030R,0.0392981692850045,0,0.00832890488079813,0.0853634248875793,0,0.15221982224211,0,0.0554325327134784,0.0976770640919364,0,0,0.0695278809029169,0.0530619493283981,0,0,0.390258235436822,0,0,0.0466814304472004,0,0.00215058578375577,0,0,-0.000741282888234354,1.0971583388664
17-01-031R,0.00870793623584745,0,0,0.0837929011895083,0,0.217974922267156,0,0.00781577191795848,0.0265597416249805,0,0,0.0700197132103522,0.103174645597482,0,0,0.384992206958205,0,0,0.0969621609985101,0,0,0,0,0.0292585972605302,1.0853594167998
17-01-035R,0.0444876971882452,0,0,0.0777608314757382,0,0.257063453046311,0,0,0,0,0.0140444960198614,0.0526439900146736,0.0739544224144013,0,0,0.429594743127961,0,0,0.00590872757091,0,0,0.0445416391418986,0,-0.00880208125373512,1.11117502088677
18-01-003R,0.00238251430610484,0,0,0.120989584263744,0,0.248408335122064,0,0,0.00576988140703094,0,0.0131829157629826,0.111331269545951,0.0999237770015995,0,0.000179318228843361,0.245223879709743,0,0,0.136916564072049,0,0,0.0156919605798871,0,-0.0295305886183696,1.11425349039679
18-01-010R,0,0,0.00306651685668028,0.107651871223097,0,0.232284676770701,0,0.020034910224661,0.0150147404223726,0,0,0.0993019768432459,0.131938496691747,0,0,0.323789205298762,0,0.00747900235951013,0.0532286902664063,0,0.00210996599286698,0.00409994704994981,0,0.0771920994795513,1.06869310739718
Meningiomas_TL-19-E7457E_18-01-010,0,0.0074873409428793,0.000915413989952395,0.0360378567553262,0,0.123870415226647,0,0.0199152719825891,0,0,0.0939943883899349,0,0.0181797303871698,0,0,0.483257312120157,0,0.031865502233631,0,0.0590477144572755,0.07987191380609,0.0455571397083473,0,0.0222273656256306,1.10041173789641
18-01-024R,0,0,0.00738451487380446,0.0587123869515582,0,0.254514439688795,0,0.00567144078233209,0.0473392849989478,0,0,0.111059002626947,0.0391191664913144,0,0,0.346634423154959,0,0,0.125696580372535,0,0,0.00386876005880699,0,-0.0215796715052554,1.10917650855304
18-01-033R,0.0471936356697525,0,0,0.0954430084047105,0,0.0688355988933176,0,0.000549982362325431,0.0133449046877354,0,0,0.0411811814305341,0.286956604758313,0,0.00754619720319985,0.392452305537256,0,0,0.0441274313772325,0,0,0.00236914967562316,0,0.221748224159739,1.0113405219283
18-01-034R,0,0,0,0,0,0.31750781449553,0,0.0294639829073491,0.0225716003569268,0,0,0.121174855017268,0.0623107661464881,0,0,0.264974989013474,0,0.00569442339582442,0.172228227924715,0,0.00407334074242518,0,0,0.0317531626832546,1.08482642820866
18-01-042R,0,0.00035916332792774,0,0.0856873365646459,0,0.115133426032221,0,0.0169775185161001,0.0216411659308975,0,0,0.0590056660683492,0.170862279953155,0,0,0.50902405567664,0,0.00202700424315916,0.00769069657441705,0,0,0.0115916871124874,0,0.0772586675448484,1.08822189375431
18-01-043R,0.0124183790097482,0,0,0.154471170771865,0,0.0560040968320141,0,0.028790561836129,0.0467912015149764,0,0.00753889147129517,0.0462603164055168,0.150208178562299,0.0348725816514938,0,0.330396470323577,0,0.00618063180699939,0,0.110615571135381,0,0.0154519486787055,0,0.0303008673657685,1.09084026697458
18-01-046R,0.00238597144214303,0,0,0.0990456186386926,0,0.217849051124801,0,0,0.00499233621410995,0,0,0.09367789992963,0.0913194014575021,0,0.00123712829664275,0.239033441595176,0,0.0189931371208136,0.220391313700481,0,0,0.0110747004800081,0,0.10432131876015,1.05173749110817
18-01-047R,0,0.00615405387264143,0,0.11692642731765,0,0.112333280826243,0,0.00644364921354308,0.0145179024296864,0,0,0.0806517193391943,0.173815595658003,0,0.0154876005781415,0.457758775852063,0,0,0,0.000370863323345761,0,0.0155401315894885,0,0.13665630880103,1.0557360854443
18-01-048R,0,0.00395496570861396,0,0.157587296319138,0,0.089412714016713,0,0.0489594949390374,0.0708028028822227,0,0.0238273382083898,0.099237560646823,0.206203177041142,0,0,0.200098879580028,0,0,0.0963529891111107,0,0,0.00356278154678077,0,0.00266775816255745,1.09905856072411
DCC06R,0.0286133158466539,0,0,0.0611374106525166,0,0.183365332536166,0,0,0.00463086624367221,0,0,0.0387266278332646,0.16456737397775,0,0.0173010355916669,0.435429807705245,0,0,0.0368086554147779,0,0,0.0294195741982865,0,0.158102033937436,1.03685895174972
DCC11R,0,0,0.0115748195925501,0.0952903929181884,0,0.292980187771945,0,0,0.00726141158096926,0,0,0.0798582306355127,0.0509504908526264,0.0177811383196557,0.00590214278478204,0.303193843813437,0,0,0.128448538542958,0,0,0.00675880318737532,0,0.0649453666423636,1.06873753249816
DCC13R,0.0219330879378212,0,0.00224388786065699,0.0815378818435415,0,0.156126915440061,0,0,0,0,0,0.0262501420448511,0.121898164953846,0,0,0.452618352612365,0,0.00671470881552181,0.112944029700258,0,0,0.0177328287910779,0,0.0968236009136574,1.06110536592386
DCC14R,0,0.000983974870016889,0.00771942941095428,0.0496696254538307,0,0.194569299855057,0,0.0148446421488465,0.0247204514374328,0,0,0.103188984246358,0.211434846772404,0,0.00348766083939505,0.219830166441056,0,0.00543792165105843,0.164112996873591,0,0,0,0,-0.011233819671882,1.09714321124816
DCC17R,0.000977147729858036,0,0.00401265533319425,0.0520745504982954,0,0.346812101388627,0,0.0259869836644202,0.0177837785011624,0,0,0.123372747547585,0.0569510315284627,0,0,0.267904514174436,0,0.00608286545268483,0.091078763118607,0,0,0.00696286106266699,0,0.0297394776196265,1.09267077623214
DCC20R,0,0.00810260337021382,0.00754929735074249,0.0997585217667265,0,0.215436024633375,0,0.0409121588049039,0.035101706070135,0,0.0303452045009198,0.0747168493314122,0.0831187839003754,0,0.00227633569511907,0.348208783973886,0,0,0.0264313256769882,0,0,0.0280424049252022,0,0.136704401300886,1.04314479680316
DCC21R,0,0,0.00168412856395771,0.101495218799983,0,0.213942213997907,0,0.0179137290827146,0,0,0.0231356989285158,0.0308715153680423,0.0444412825321688,0,0,0.395915778456646,0,0,0.16089428006985,0,0,0.00970615420021414,0,0.0292704587313738,1.08461929405404
DCC23R,0.000241730840533052,0,0.002632580505399,0.0389784282098031,0,0.20823183027823,0,0.0112458579910219,0.00993834325461555,0,0,0.0769545035034851,0.037651065489997,0,0,0.359074995221188,0,0.00730325847910201,0.208573387312104,0,0,0.0391740189145206,0,0.0201000888331383,1.08817942821641
DCC32R,0,0,0.0160493782621455,0.201484228262825,0,0.24317266646669,0,0.0113681601887516,0.0156721429407695,0,0.00726464473881907,0.0652908731552958,0.0964955199378039,0,0,0.300311078053153,0,0.00961624280586222,0.0193404758659617,0,0,0.0139345893219231,0,0.0167101872434126,1.10005416234693
DCC33R,0.186643100835369,0,0.00226762166415182,0.0399289325262505,0,0.1823957283408,0,0.0156280805191914,0,0,0,0.0837610744067507,0.053284806270899,0.0449053045404025,0,0.277305691844389,0,0.00485253889809746,0,0.101899275925037,0.00712784422866191,0,0,0.0303704777180279,1.08332260610534
DCC34R,0.00018186685430771,0,0.001164428444336,0.0837507530278509,0,0.28800670161508,0,0.0148681419334109,0.0133392902651558,0,0.0174735918891869,0.0644962916986439,0.059087428439605,0,0,0.279069443551532,0,0.0123361915595214,0.160097345593708,0,0,0.00612852512766158,0,0.0602009142759479,1.06920703675566
DCC35R,0.000932348372334077,0,0.00342478564879689,0.0424188844072031,0,0.160755650316846,0,0.00845915707228185,0.0134777650196746,0,0,0.110944273485426,0.101484927084258,0,0,0.35293083202652,0,0.00529298233997502,0.160149574933797,0,0,0.0397288192928888,0,0.141667167354777,1.03817242239454
DCC37R,0.115842997151741,0,0,0.0525890223713976,0,0.140515208355972,0,0.00643278436030636,0.0125853459599953,0,0,0.0515828930759711,0.142136253603854,0,0.0215290108625816,0.418423584547472,0,0,0.0305243901593195,0,0,0.00783850955138851,0,0.135483567649447,1.04106522472844
DCC38R,0.0276497180677952,0,0.000356915512599319,0,0,0.197855216456097,0,0.0260982627304318,0.049944431066119,0,0,0.0847626291931847,0.143430626638105,0,0,0.397064120961786,0,0.00475981534317199,0.0582074355517133,0,0,0.00987082847899667,0,0.0676414185055826,1.07062559856557
DCC40R,0.0690941121449229,0,0,0,0,0.0630868980058369,0,0.0355594180211919,0,0,0,0.0762270586781481,0.0633259572886814,0,0,0.476436538166215,0,0.00389155485874813,0,0.193447720634523,0,0.0189307422017329,0,0.0871623132209768,1.09350330546856
DCC43R,0,0,0.000157788867566152,0.0666150141296612,0,0.269447878460682,0,0.00794949590123366,0.0103043289212734,0,0,0.0859301966449007,0.0715934758539659,0,0,0.274022763315596,0,4.63467617843707e-05,0.180745295041795,0,0,0.0331874161015416,0,-0.0183874093439713,1.10188414307849
DCC49R,0.105868052724711,0,0,0.0714326938470674,0,0.178180048300643,0,0,2.82059220689154e-05,0,0,0.0478912366569174,0.15880773690575,0,0.0152721391720364,0.392231020104556,0,0,0.0053678361390298,0,0,0.0249210302272207,0,0.0669559159052476,1.07258376858505
DCC50R,0,0,0,0.0233785543442122,0,0.205244400574398,0,0.0240649276651716,0.0264478446997493,0,0,0.110425196803986,0.0839146790199642,0,0,0.417986522990897,0,0.00453386486785401,0.0919580192594602,0,0,0.0120459897743076,0,-0.0094722431245066,1.10761861163985
DCC54R,0,0.00851241721611566,0.014666928310306,0.0605351291251509,0,0.208704946366607,0,0.02610644116738,0.0292186719410076,0,0,0.134133699829081,0.0466646155608698,0,0.00775867038085452,0.302417405847459,0,0.0456543903576628,0.103938432393783,0,0,0.0116882515037225,0,-0.0124753975421383,1.10080873295114
DCC55R,0,0,0.0152132318096241,0.00560285752956908,0,0.237739295249241,0,0.0201863444478334,8.5672491646134e-05,0,0,0.107809949152308,0.0444357162291381,0,0,0.48277466575085,0,0.00027734188231761,0.0757663451581345,0,0,0.0101085802993379,0,-0.00497106844161055,1.11235831259506
DCC56-R2,0.00867556223738405,0,0.00901550405729294,0.033127792830577,0,0.161246268293653,0,0.0143973855136887,0.00970921528326983,0,0.0112873180519151,0.0451780729519011,0.120387801169466,0,0,0.481480074432966,0,0.0030666344803137,0,0.0488118443961401,0,0.0536165263014317,0,0.104781932364538,1.0690332219058
DCC57R,0.0202717062821865,0,0.0290445137151983,0,0,0.105083652555904,0,0.0552493483780156,0,0,0,0.080566532325998,0.139507643391277,0,0.011028392141433,0.464910624473038,0,0.000171491197721539,0,0.0883806678174825,0,0.0057854277217459,0,0.119579351448614,1.06057925903785
Meningiomas_TL-19-0DB1BC_19-01-054,0.139838731888437,0,0.00147193075284393,0.024716918600832,0.0100905181484107,0.114109151267589,0,0,0,0,0.0222157151647989,0.0562041669421232,0.140780965498711,0,0,0.409950877683895,0,0,0,0.0172717741416754,0,0.0633492499106838,0,-0.0335264300564308,1.12174410176101
Meningiomas_TL-19-1A5F75_19-01-089,0.00571939816722916,0,0.00151914862381585,0.0289276658354191,0,0.282829659143472,0,0.0511824428524411,0,0,0,0.107948507401062,0.0635143793148037,0,0,0.429516162277961,0.00170762585210646,0.000400757567998305,0.0117011880508895,0,0.00804568537023196,0.00698737954257065,0,0.0657184195928759,1.08298404258132
Meningiomas_TL-19-C46B1C_19-01-055,0.00100220900320827,0,0.00348174863106868,0.026492572770899,0,0.223303324814149,0,0.00785558969082713,0.0112731079151658,0,0.0116634698723573,0.0509834466766233,0.041821487184809,0,0,0.39283357502138,0,0,0.229289468419512,0,0,0,0,0.000874679418738638,1.09973858809396
Meningiomas_TL-19-EBC5FF_19-01-047,5.03880320432542e-05,0,0.0154612508845621,0.0325678980518264,0,0.128621682374668,0,0.0181941858546533,0.00606412076906411,0,0.0797572343996256,0,0.211261135784378,0,0,0.463287227130742,0,0.00268316350604571,0.0332853073989776,0,0,0.00876640581341416,0,0.045025540045582,1.09498520131085
Meningiomas_TL-19-FD8C78_19-01-030,0.03152673976251,0,0.0147010303917629,0.00863304158388285,0,0.152460845309819,0,0.0158884402496158,0.0185618732988301,0,0,0.0559503754411698,0.152835623663658,0,0,0.491588538056687,0,0,0.0562544167203007,0,0.00159907552176378,0,0,-0.00803384798987317,1.11472278724894
Meningiomas_TL-20-158666,0.0367320428436694,0,0.00226127105796457,0,0.0232707573332331,0.130299513884434,0,0,0,0,0.0610000009963274,0,0.158653751029312,0,0,0.544809835304625,0,0.00375758296523791,0.0242202938485182,0,0,0.0149949507366775,0,0.148234049251376,1.05548874570003
Meningiomas_TL-20-158666_20-01-025,0.0367320428436694,0,0.00226127105796457,0,0.0232707573332331,0.130299513884434,0,0,0,0,0.0610000009963274,0,0.158653751029312,0,0,0.544809835304625,0,0.00375758296523791,0.0242202938485182,0,0,0.0149949507366775,0,0.148234049251376,1.05548874570003
Meningiomas_TL-20-2F7E80_20-01-021,0.0295397889274781,0,0.0195224954051469,0,0,0.288146112866221,0,0.106303597932366,0,0,0.0275623989517458,0.0443912847552706,0.0365242590191887,0,0,0.404399260332633,0,0,0.0338089992413971,0,0.00980180256855263,0,0,-0.0132726049874299,1.10302192354252
Meningiomas_TL-20-36E383_16-01-027,0.0512298098498134,0,0,0.0235434009617419,0,0.191687106203545,0,0.0692111979086741,0,0,0.00735340053917807,0.0289163162505521,0.160910007220942,0,0,0.348358559683388,0,0.0254125618127507,0,0.0694247528616901,0,0.0239528867077247,0,0.0259476337070301,1.08385327426586
Meningiomas_TL-20-468276_20-01-022,0.0253550102218509,0,0,0.0190354244576948,0,0.109393925186509,0,0.0594313622234664,0.0125103925976306,0,0.0996577482922418,0,0.133925701760713,0,0,0.484815228466617,0,0,0,0,0,0.0558752067932766,0,0.0651014891122684,1.08770484027222
Meningiomas_TL-20-5618FD_20-01-061,0,0,0,0.0191454462768059,0,0.178784526564063,0,0.043878266693259,0.0115231126314117,0,0.131710264200384,0,0.0237697371163152,0.115193327613095,0,0.361821637045968,0,0.00327429983451945,0,0.0301657864632846,0.0499729322381006,0.0307606633227932,0,0.00513272324700738,1.10528970734382
Meningiomas_TL-20-56286D_20-01-003,0.0290057178036223,0,0.00989888343753465,0,0,0.183522818305858,0,0.139042876221924,0,0,0.0706923849071953,0.050502199266462,0.0788924834956931,0.0072465146000893,0,0.415573410965602,0,0,0,0,0,0.0156227109960195,0,-0.0223497125001379,1.11304817839211
Meningiomas_TL-20-5A3727_17-01-027,0.0682207360368789,0,0,0.0129360883289972,0,0.148551138004104,0,0.0573640412697164,0,0,0.00981335306602703,0.0512379688288831,0.329746921992249,0,0,0.277840091870972,0,0,0,0.00916938392766809,0.0351202766745035,0,0,0.0134061668379753,1.10141428944825
Meningiomas_TL-20-95E160_20-01-042,0,0,0.0361887833292079,0.0279219585056765,0,0.161006946415132,0,0.0571240239912207,0,0,0.0683028660632635,0,0.0847465904697768,0.0649036605896715,0,0.290280332516311,0,0,0.200130280906717,0,0,0.00939455721302252,0,-0.00929295716716271,1.08912454883048
Meningiomas_TL-20-AC2A78_13-01-003,0.0137930661757684,0,0.00158077791940935,0.0432636841071713,0,0.392805935638765,0,0.0281349691700508,0.0319156945535269,0,0.0792392812128208,0,0.0290278190047311,0.00789878381521527,0,0.265127144222325,0,0,0,0,0.071200077179284,0.0360127670009319,0,-0.0071783321408937,1.10591750262563
Meningiomas_TL-20-AF4A43_20-01-081,0.0268452567972547,0,0.0170379564934901,0.0256798828237145,0,0.183001495233573,0,0.0893910570932696,0,0,0.121900560525971,0.00959558775375832,0.108410355176917,0,0,0.318711677925735,0,0,0.0117347384354606,0.0406556757253642,0.0113336308485916,0.0357021251669,0,-0.0299592842474598,1.10408723420099
Meningiomas_TL-20-B56FF1_19-01-090,0.0174286133999847,0,0,0.0144433177168076,0,0.152066414185746,0,0.00936245331332117,0.00231477688873867,0,0.113722592116857,0,0.108989834725969,0,0,0.482536052245499,0,0.000701349649097598,0,0,0.0524244643071411,0.0460101314508383,0,0.00223424066613277,1.11487385023814
Meningiomas_TL-20-BC346C_20-01-011,0.192598830218295,0,0.0220170423717419,0.0392717104806794,0,0.223234751867643,0,0.047403362246475,0.0197903939571882,0,0.0185203306424694,0.0537148374871372,0.0387031411014547,0.102788990180761,0,0.155418434785125,0,0,0,0.0547875749317588,0.0313975003238198,0.000353099405451854,0,-0.0277668712910002,1.09757696243695
Meningiomas_TL-20-CC7C2A_20-01-041,0,0.00306030300966964,0.00407444785369853,0,0,0.400564013492191,0,0.0219473736533866,0.0357678504373292,0,0.0772084778604843,0,0.129926817517755,0,0,0.240151751911443,0,0.000726971554866025,0.0763650892930535,0,0,0.0102069034161229,0,0.0279650722448545,1.08209900335267
Meningiomas_TL-20-DB3DB0_19-01-079,0,0.0018206911128841,0,0.0777792839505194,0,0.256946276091581,0,0.0254750332464425,0.0416547048534091,0,0.0550823686997074,0.0350610606047225,0.0611454141363478,0.000128317297867226,0.00485696158347873,0.238114464265829,0,0,0.196492032661344,0,0.00544339149586741,0,0,-0.0325858989091528,1.10600559339371
Meningiomas_TL-20-E79456_20-01-063,0,0.00320426337796909,0.03224443265088,0.0889015355829332,0,0.377156933314432,0,0.120982782202686,0.119796639929801,0,0,0,0.0594587118980991,0.0185795651991145,0,0.0632749082749014,0,0,0.0556098189976292,0,0,0.0607904085715543,0,0.00479126745059913,1.11651035590704
Meningiomas_TL-21-0CC672_21-01-004,0.0395827938727992,0,0.0616214671427054,0.0295834618671919,0,0.092144873340093,0,0.00662461839138125,0,0,0.0153961586981252,0.00172277077597541,0.204757435186628,0,0.00111129830103183,0.497088628489116,0,0,0.0397140718805774,0,0,0.0106524220543761,0,0.129596305543504,1.05802059441458
Meningiomas_TL-21-0DADDE_21-01-005,0.0140953473000148,0,0.00894912014264535,0.044015919595019,0,0.140158817275897,0,0.0922565839236583,0,0,0.123066275254864,0.0134830458289882,0.0355772252868663,0,0,0.492914741246223,0,0.0108331257360095,0,0,0,0.0246497984098146,0,0.00452488766522593,1.11087713512558
Meningiomas_TL-21-10F718_21-01-027,0.061558610313371,0,0,0.00598630563937896,0,0.148059901995348,0,0.00422482454846848,0,0,0.0872095979909406,0,0.0145403992855911,0,0,0.400515899531985,0,0.0058505101212669,0,0.020648957402904,0.0368804148474592,0.214524578323288,0,0.0440753775277656,1.10460547123586
Meningiomas_TL-21-18822F_21-01-028,0.018517992583598,0,0.00390241894110621,0.0554503135511392,0,0.229133573160278,0,0.018914746251329,0.0150992984621741,0,0.0468508853148845,0.0355734209300932,0.117721405197881,0,0,0.389067557618867,0,0,0.0579564383042647,0,0.0118119496843857,0,0,-0.0100331796564142,1.10052006844607
Meningiomas_TL-21-32269F_21-01-037,0,0,0.00170566860066414,0.0190510957229004,0,0.21320439843036,0,0.106900547405684,0.0242249312060165,0,0.139399434999063,0,0.230752713584483,0,0,0.184742607332716,0,0,0.0245400956484325,0,0,0.05547850706968,0,-0.0101564475029155,1.10612189230901
Meningiomas_TL-21-39A7FF_20-01-055,0.0114078925805962,0,0.00388052595286866,0.0122205055050624,0,0.212211687056537,0,0.0185066824684165,0.00970927047983184,0,0.0580075846584652,0.0241749064878871,0.0742165120505922,0,0,0.419069860416409,0,0,0.136779847984809,0,0,0.0198147243585257,0,0.0010490972151056,1.0953538677022
Meningiomas_TL-21-3AC0E8_21-01-002,0.0609169220833097,0,0.000656008576066316,0.0384344552816031,0,0.185170562872881,0,0.0078025344319118,0,0,0.0971281784785946,0,0.148818098618764,0,0,0.429577306266803,0,0.00315546927621008,0,0.00878421869847845,0.000403704977251242,0.0191525404381274,0,0.0138434032218151,1.09957323995586
Meningiomas_TL-21-4D428C_21-01-013,0.0754366405002482,0,0.0197139568046316,0.0144156163059502,0,0.129423967701002,0,0.0843567687365201,0,0,0.00302393596811553,0.0672698558702144,0.0806300387385739,0.250380277166857,0,0.059030985005905,0,0,0,0.209526958020457,0.00679099918152464,0,0,0.0316339516216241,1.10776861296916
Meningiomas_TL-21-54946D_21-01-024,0.0647185722535684,0,0,0.0777374860181508,0,0.0966899314961367,0,0.0286572256235911,0.00193652688040505,0,0.0166559969536113,0.0393312539940024,0.156544563451414,0,0,0.410297685605456,0,0.00565257437911773,0,0.0651980146009087,0.00847691171762041,0.0281032570260172,0,0.0686100066595807,1.07504636226306
Meningiomas_TL-21-5EAD3C_21-01-011,0,0,0.00377935280345492,0.0369121090392538,0,0.164871368891448,0,0.0316302855515381,0,0,0.0244168446339189,0.0524129536230325,0.200957779680945,0,0,0.405724583566485,0,0.00628661427725053,0,0,0.0264910214690396,0.0465170864636334,0,0.094020236874279,1.07129908053861
Meningiomas_TL-21-62427B_19-01-074,0.0492986509408306,0,0.00371650030341488,0,0,0.218557487210322,0,0.0667464509497016,0,0,0.110813104167577,0.0350491518903798,0.0933517737571525,0,0,0.243636192062119,0,0,0,0.00531394305587678,0.00957425735686912,0.163942488305757,0,-0.0151576138215535,1.11546186642868
Meningiomas_TL-21-6AH4JRVT_21-01-059_B2,0.0221456006265142,0,0.0139003945619918,0.0308933121397462,0,0.0936090487170102,0,0.0412160549883134,0,0,0,0.076111771383791,0.218894998663623,0,0.00095851181856342,0.346490058625116,0,0.00341781271182303,0,0.0996922133169728,0,0.0526702224465348,0,0.210611443293387,1.01609671485295
Meningiomas_TL-21-772MTWNU_21-01-059_A1,0.035539321726584,0,0.00800615816068662,0.0309078565420881,0,0.159914147209919,0,0.0450745684072238,0,0,0,0.0470781479537956,0.159745706420121,0,0.00895686254834997,0.447085881525327,0,0,0.00321195184267707,0.0177812831842447,0.00370896538168758,0.0329891490972961,0,0.115479557183233,1.0580834331089
Meningiomas_TL-21-9V7CQYC4_21-01-022,0.0179383250132601,0,0,0,0.024740990839027,0.149486052509693,0,0,0,0,0.0930266216426342,0,0.00595239863368069,0,0,0.154692701362753,0,0,0.0440532461143208,0,0.126783076673945,0.383326587210685,0,0.0413279385034008,1.15594001458316
Meningiomas_TL-21-A24CAB_20-01-045,0,0.00574493397408233,0.0121606887945758,0.0124335614613606,0,0.387356398914282,0,0.0521590219194204,0.0350096565806214,0,0.0145260644999529,0.0464224524621983,0.11051643650898,0.108695149443467,0.0054963946026243,0.142801643822565,0,0,0,0.0543914149743116,0.0122861820415593,0,0,0.0189074327815414,1.09095493965277
Meningiomas_TL-21-A86B3B_20-01-074,0,0.00802535862508558,0.00785841918127839,0,0,0.358904283959427,0,0,0.0122394722622963,0,0.137031802369042,0,0.113280660822138,0,0,0.255469245977999,0,0,0.100424776436911,0,0.0061595073119564,0.000606473053865673,0,-0.0154667058461399,1.09854157202496
Meningiomas_TL-21-AB4149_11-01-004,0,0,0.00383362527028716,0,0,0.337345249277483,0,0.0422269634833265,0.00502221371144656,0,0.0741338300318954,0.00857219764849408,0.138423110741212,0,0,0.241945670031956,0,0,0,0.0201623764670397,0.128334763336859,0,0,-0.00864508870850085,1.09626403359287
Meningiomas_TL-21-AC312E_21-04-003,0.0245723232949164,0,0.00135494514434286,0,0,0.184235288968262,0,0,0,0,0.00749251078556274,0.0632554098711002,0.139684947978572,0,0,0.390238695345679,0,0.0149701806120744,0,0.0994026021788315,0,0.074793095820659,0,0.111977178252158,1.06239090938987
Meningiomas_TL-21-D64A66_21-01-009,0.0210740925735362,0,0.0113801015531424,0.00307793801791095,0,0.179249821756252,0,0.082893214114692,0.00115574713700581,0,0.0670902243993437,0.0712702930345972,0.0968400625087474,0,0.00925355111477832,0.347980398495069,0,0,0,0.070146537573548,0.0319879930039376,0.00660002471743872,0,0.00581102912867941,1.09631877015907
Meningiomas_TL-21-E560F9_19-01-008,0.0226720432546469,0,0.0206016846721433,0.142547681851634,0,0.284629003086593,0,0,0,0,0.130232499803909,0,0.0806643460047787,0,0.00365569025552495,0.250183470678542,0,0,0.0542443205406903,0,0.0105692598515381,0,0,-0.0272405637641039,1.11256129416872
Meningiomas_TL-21-E6727A_20-01-026,0.0135121570123444,0,0,0.0260990751040206,0,0.213573222737516,0,0.0159780531806101,1.23336359579825e-05,0,0.0589892060169915,0.0190548309949333,0.187658499997208,0,0,0.324320539274498,0,0,0.120972272784093,0,0.0198298092618273,0,0,0.0224402736939356,1.08196579539958
Meningiomas_TL-21-M8MNBPME_21-01-035,0.00991709847322735,0,0,0.0108595944844042,0,0.104150561980759,0,0.0760120317496949,0,0,0,0.118053396442727,0.094483793946168,0,0.00397280094689611,0.32585361885205,0,0.00114163675343189,0,0.20325887984194,0.0281913437196873,0.0241052428090148,0,0.0600655443251474,1.09894794461631
Meningiomas_TL-21-QYYK8XRQ_21-01-098,0.0163897445523644,0,0.00238207898343137,0.106612893656397,0,0.156579931412185,0,0.0411221426379729,0,0,0,0.0371474216017896,0.132460718491433,0,0.0216724643999418,0.391923561417824,0,0.000938680938590289,0.0769316995050789,0,0,0.015838662402992,0,0.00928252467466972,1.09131983523613
Meningiomas_TL-21-ZJT6YRBX_21-01-064,0.0606433254183851,0,0,0,0,0.257040927721395,0,0.0235947745701574,0,0,0.0253616622140321,0.045473590407214,0.0965267397330399,0,0.000682974371429582,0.367822971257979,0,0,0.122853034306368,0,0,0,0,-0.0188801986698363,1.09651099125318
Meningiomas_TL-21-ZVRBQA9H_19-01-029,0.109805512874111,0,0.0047685409786337,0.028876357359525,0,0.136576415828853,0,0.0216246772577974,0.0394907085656985,0,0.138193088363608,0,0.0394752079386516,0.140506262526701,0,0.332834051754714,0,0.00784917655170812,0,0,0,0,0,-0.0155090793125799,1.1085933271321
TL-20-67D721_T,0,0.00941562052809166,0,0.0285921359965289,0,0.235444117772632,0,0.0337761676088344,0.0337076573543991,0,0.0885742327559879,0,0.162957398217436,0,0,0.320076287814097,0,0,0.0543210313518078,0,0.0291327203175073,0.00400263028267768,0,-0.00297686906292361,1.0924052382029
TL-20-89DAC7_T,0.0237989458088868,0,0,0.0513378696385589,0,0.131353968536705,0,0.04590425098728,0,0,0.0869645531748607,0,0.0904356201790545,0,0,0.539627694183394,0,0,0.0229414536163224,0,0,0.00763564387493753,0,0.0266367115096856,1.1058372194198
TL-20-EBF2E6_T,0,0.0340903971557096,0.00605656274981884,0.0148265403095253,0,0.271277250016326,0,0.0862672468481936,0,0,0.0287185624623322,0.0613322029276371,0.061003081080561,0.00688213831428537,0,0.325449983439035,0,0,0.102647890093659,0,0.00144814460291643,0,0,0.00888702069955854,1.08636716172547
TL-21-CUFUM4BB_T,0.00783133137939086,0,0.00449380977424819,0.0656982115628467,0,0.248797369260953,0,0.0324559060498794,0,0,0,0.0736926634631018,0.127013353979502,0,0.0208119288287907,0.344227532392317,0,0.0444744034341533,0,0,0,0.0305034898748173,0,0.0802000162732968,1.06601687191528
TL-21-ESQ4NDQ4_T,0,0.00551419117948456,0.00280647863920377,0.0579768990454627,0,0.186422233521395,0,0.00671254154759077,0,0,0.0718594851428887,0.0302351503079012,0.0740337316434593,0,6.06746745120415e-05,0.454901362849812,0,0,0.0941319790687214,0,0,0.0153452723795689,0,0.0731370626487437,1.07212573084512
TL-21-IYGYYS3R_T,0,0,0.00898473080921856,0.042746326538868,0,0.251688539344235,0,0.0165920064268181,0.0058909364302004,0,0.0672468468262752,0.0157420448771607,0.0363844097301346,0,0.00512260795945129,0.407324743216221,0,0,0.0454994446739763,0,0.0455341683137902,0.0512431948536502,0,-0.0190059782927474,1.10556056843761
TL-21-XFTES8H4_T,0,0,0.0139313990196247,0,0,0.163296819851795,0,0.206092607829329,0,0,0.0331776804151099,0.061628088424146,0.0166401018812001,0.344041417477298,0,0.135750517612817,0,0,0.0254413674886807,0,0,0,0,0.0760788688563769,1.08949578315279
TL-22-293W2PY3_T,0.0147353676587897,0,0.000290765758626477,0.0201691108941951,0,0.192982472088476,0,0.0136158488651222,0,0,0,0.05374005991148,0.306526325237343,0,0,0.32210558877132,0,0.00567499970525838,0,0.0369616717695858,0,0.0331977893398021,0,0.105932710004571,1.06762101358015
TL-22-8UQBEBZ7_T,0.00168245294551043,0,0,0.0671397315428015,0,0.145604503199751,0,0.0409107277236886,0,0,0,0.066605331946046,0.269810947075756,0,0.0105627064944977,0.36428844791126,0,0,0,0,0.0145136344768304,0.0188815166838583,0,0.0780904483357206,1.079488304124
TL-22-PEA63ZDD_T,0,0.00162525513116731,0.00275885103888201,0.0839361279812676,0,0.240505609537052,0,0.0255070622801118,0.0274587827075672,0,0.139493438291997,0,0.153855050307447,0,0.000283690362314927,0.264892710871086,0,0,0,0.0181647110058504,0.00600492716702612,0.0355137833182301,0,0.0213840305833495,1.09458028667556
TL-22-R5JM843P_T,0,0,0.00250731785577869,0.0263249916178863,0,0.247580399134934,0,0.00372708894960299,0.0182733309829741,0,0.106088240839447,0,0.116522800690784,0,0.00158200194950723,0.420950227787464,0.00203326955607544,0,0.0532279165875624,0,0.0011824140479832,0,0,0.0444010820138372,1.08290991425874
TL-22-S5JW3AY5_T,0.0479345871847683,0,0.0109148214805207,0,0,0.186247065794714,0,0,0.0038690767999558,0,0.0636187499813224,0.0271142464499839,0.0705561558150817,0,0.00536226483115711,0.435449477810185,0,0.00140555972382105,0.0653770482548452,0,0.0506220569484911,0.031528888925154,0,0.0150857034415989,1.08993609173263
TL-20-807A65_17-01-037,0.0595487763285913,0,0.00174906375634292,0.0340787431402037,0,0.231516709911967,0,0.0119190414400701,0,0,0.0180047071530603,0,0.183832256233023,0,0,0.3574785309163,0,0,0,0.0232238140774835,0.00493506020298773,0.0737132968399702,0,0.0226669429360307,1.09507452552185
TL-21-80363C_21-01-101,0.0878364260901567,0,0.0855864329390263,0.0560497143343971,0,0.0862377237221374,0,0.0031645501623633,0.00370969251546953,0,0.0541553391319859,0.00432974094394664,0.183875410903316,0,0.00511576171007632,0.166782741435652,0,0,0.0951674954847295,0.086806757279246,0.0204328094285565,0.06074940391894,0,0.041904425117387,1.06533179236504
TL-21-IWP7U6EW_21-01-084,0,0,0.00854167743972823,0.000588447191770305,0,0.264287717277253,0,0,0.0102715287767813,0,0.141638338726839,0,0.0472356132727932,0,0,0.441483766021617,0,0.00155845408499911,0,0,0.0167564190560922,0.0676380381521263,0,-0.00190117186861365,1.11196613811117
TL-22-2DY9UPCM_15-01-041,0,0,5.16758613918627e-05,0.0827148124594888,0,0.173708433990696,0,0.029853438511812,0,0,0,0.0704261158712342,0.14405521184689,0,0,0.355066027648181,0,0.00234955584599027,0,0.0770182413533888,0.036799770817883,0.0279567157930442,0,0.102670857560491,1.05950471015278
TL-22-3IXBNEJB_20-01-082,0,0.00819188059788506,0.0342990841866792,0,0,0.45631843810441,0,0.0300497156473416,0.039638772957154,0,0.00708645779663051,0,0.0638099114537419,0,0,0.26073065752674,0,0.00839148563374091,0.0839340994529876,0,0,0.00754949664268981,0,0.0255545877960164,1.08345897342503
TL-22-6C5UQ2NU_22-01-019,0,0,0.00162495586418927,0.0868081327170535,0,0.206606211936251,0,0.0270344984907998,0.0360596783222033,0,0.0109726586064888,0,0.241688399301291,0,0.000809422424003294,0.317009125089841,0,0.00260909183444351,0.0619624695496018,0,0.000906014208432219,0.00590934165540166,0,0.15690420750032,1.03122978111923
TL-22-6SZNHCYH_22-01-023,0,0.00103775839649571,0.00051914429397795,0.0590063463086934,0,0.265130898471161,0,0.0190894674686784,0,0,0,0.0569897160964146,0.106732978711971,0,0.00187452802249263,0.4012059393715,0,0,0.0734096062186009,0,0,0.0150036166400151,0,0.107724291594053,1.05408876733296
TL-22-AKQNC3PA_22-01-043,0.0235842670461784,0,0.000238099833233258,0.0853777538122107,0,0.097293883802252,0,0.0477473137404966,0,0,0.0245630361496468,0.0225277526841117,0.200994779675846,0,0,0.431460197663858,0,0,0.0450789530405765,0,0,0.0211339625515898,0,0.0907010196750063,1.06868375255838
TL-22-C36NTXSJ_22-01-033,0.144498447015398,0,0.0116756868494026,0.0303492873488904,0,0.073845322055066,0,0.0764159566093752,0,0,0,0.0877052564560014,0.0666568643354282,0.0622021277951946,0,0.209327980906309,0,0,0.102131833556909,0.092300790350583,0,0.042890446721442,0,0.0404868035571947,1.07537139382916
TL-22-JHDWEE3Q_22-01-049,0,0,0.00628759449285524,0,0,0.451790369387436,0,0.0648000476449032,0.00610979706076195,0,0.0267612911741858,0.0162385096487302,0.0716722745465272,0,0.00466294245195934,0.202728305924446,0,0.00863895457427328,0.0226647854859407,0,0,0.117645127607981,0,0.00651970191914191,1.10423412395304
TL-22-JYX3IEZE_22-01-044,0.129609807275499,0,0.00252096812989712,0,0,0.259691045502264,0,0.00921570007193531,0,0,0,0.135643671327492,0.022755385853702,0,0,0.244623748928895,0,0,0,0.144354075740864,0.0202419819978789,0.0313436151715727,0,0.00122173396774616,1.11046936449024
TL-22-KEPIB6NG_22-01-022,0.0567529484603404,0,0.00901866696057712,0.0811956871156705,0,0.134267399652578,0,0.126598563749003,0,0,0.0749575062478173,0.0532893809740539,0.0594933007424859,0,0.00635718373293119,0.304865641336278,0,0,0.0649046400198937,0,0,0.0282990810083709,0,0.00659303420856428,1.08782075120138
TL-22-KV3NEKEC_19-01-099,0.110000313763482,0,0,0.035413824440453,0,0.205287900351957,0,0.0508003927761162,0.00611366289063748,0,0.0201996032286335,0.0342206298103388,0.0389032102449696,0,0,0.338223507280363,0,0.00480644003177864,0,0.103764282718463,0,0.0522662324628079,0,0.0132169007413065,1.08745509188754
TL-22-Q5D6VUSD_22-01-041,0.0611800358338199,0,0.0463900521158329,0.0365755618622665,0,0.190010296171957,0,0.00973930319005948,0,0,0,0.0351620230241273,0.0525424815458239,0,0.00509947461791006,0.410271144102663,0,0.0183271855264451,0.0762233429907306,0,0,0.0584790990183644,0,0.0528684500236806,1.06709590619733
TL-22-R7W8AHSK_22-01-035,0,0.0144395263246943,0.00517036734557867,0,0,0.371221568861916,0,0,0,0,0.0865566496837151,0.0102891883566332,0.07503805439947,0,0,0.339760633849865,0,0,0.0591318658928592,0,0,0.0383921452852693,0,0.0183484226899006,1.088195036456
TL-22-RTWEG4KB_19-01-097,0.0627527670022682,0,0,0.0722079053817247,0,0.22742585142674,0,0,0,0,0,0.0728267316583531,0.100403106706322,0,0,0.418607412189094,0,0,0.0140344677427918,0,0.0317417578927069,0,0,-0.027107989835315,1.11419592206781
TL-22-S68RU3Q2_22-01-034,0.0504033366424018,0,0,0.00667389209684451,0,0.21921890659315,0,0.0706178032608558,0.00609722310858395,0,0,0.0989194926105462,0.047032307323876,0,0.00190191252703096,0.398914915639916,0,0,0,0.0349454103682223,0.0266070045418003,0.0386677952867714,0,0.00247434741633446,1.10133089589987
TL-22-U7VW3GN8_22-01-026,0.00793485891592379,0,0.0117364364424472,0.00822923938993055,0,0.243945538264021,0,0.102082358278838,0,0,0,0.104801760255856,0.13482790001972,0,0,0.318060780127438,0,0.000287753837474854,0,0.0330124771811461,0,0.0350808972872035,0,-0.0132348798571331,1.1073415495693
TL-22-UE5KFWPE_22-01-048,0.0658375149248738,0,0.00822905909810252,0.0467797963370886,0,0.216265937775851,0,0.0131581632110519,0.0278624862608595,0,0.0250608748647851,0.0292629351187943,0.0343168441214639,0,0,0.359088087898944,0,0,0.174138300388186,0,0,0,0,-0.0183318669023158,1.09459481631262
TL-22-UPJSI3NG_22-01-039,0.0786314687266809,0,0,0.0686479357819765,0,0.217247482850059,0,0.0132984504983618,0,0,0,0.054154527225084,0.159119081548244,0,0,0.278284227495569,0,0,0.125188310061234,0,0,0.00542851581279104,0,0.000105478414240106,1.08517972028685
TL-22-UZFBB8AU_22-01-042,0.205100650357989,0,0.0176317655862226,0.145919588941145,0,0.124588049566302,0,0.0397032384949697,0.00909709597304328,0,0,0.0698010088514104,0.0404269871235726,0.038092661932058,0.000574505128790715,0.305758553098856,0,0,0,0.00330589494564076,0,0,0,0.0194062639592265,1.08766415083452
TL-22-WSU8SV5A_22-01-010,0.0907410240987054,0,0.0185835336914384,0.0290539236547013,0,0.255756749894963,0,0.0529715520327198,0.0219271510885633,0,0.0591812986388197,0.0373476683313483,0.066239055176866,0,0,0.29938758161638,0,0,0.0212514947831712,0,0,0.0475589669923229,0,-0.0182639204564026,1.09653541706113
